"STATION","NAME","DATE","AWND","PRCP","SNOW","SNWD","TMAX","TMIN"
"USW00094728","NY CITY CENTRAL PARK, NY US","2015-01-01","7.16","0.00","0.0","0.0","39","27"
"USW00094728","NY CITY CENTRAL PARK, NY US","2015-01-02","7.16","0.00","0.0","0.0","42","35"
"USW00094728","NY CITY CENTRAL PARK, NY US","2015-01-03","6.49","0.71","0.0","0.0","42","33"
"USW00094728","NY CITY CENTRAL PARK, NY US","2015-01-04","6.49","0.30","0.0","0.0","56","41"
"USW00094728","NY CITY CENTRAL PARK, NY US","2015-01-05","10.51","0.00","0.0","0.0","49","21"
"USW00094728","NY CITY CENTRAL PARK, NY US","2015-01-06","4.03","0.05","1.0","0.0","22","19"
"USW00094728","NY CITY CENTRAL PARK, NY US","2015-01-07","12.75","0.00","0.0","1.2","23","9"
"USW00094728","NY CITY CENTRAL PARK, NY US","2015-01-08","8.72","0.00","0.0","0.0","21","8"
"USW00094728","NY CITY CENTRAL PARK, NY US","2015-01-09","8.72","0.07","1.5","0.0","33","19"
"USW00094728","NY CITY CENTRAL PARK, NY US","2015-01-10","8.05","0.00","0.0","1.2","23","16"
"USW00094728","NY CITY CENTRAL PARK, NY US","2015-01-11","6.04","0.00","0.0","1.2","37","18"
"USW00094728","NY CITY CENTRAL PARK, NY US","2015-01-12","3.80","0.36","0.0","0.0","39","35"
"USW00094728","NY CITY CENTRAL PARK, NY US","2015-01-13","8.50","0.00","0.0","0.0","36","17"
"USW00094728","NY CITY CENTRAL PARK, NY US","2015-01-14","6.26","0.00","0.0","0.0","32","16"
"USW00094728","NY CITY CENTRAL PARK, NY US","2015-01-15","4.70","0.00","0.0","0.0","35","25"
"USW00094728","NY CITY CENTRAL PARK, NY US","2015-01-16","9.84","0.00","0.0","0.0","43","20"
"USW00094728","NY CITY CENTRAL PARK, NY US","2015-01-17","6.04","0.00","0.0","0.0","32","17"
"USW00094728","NY CITY CENTRAL PARK, NY US","2015-01-18","3.80","2.10","0.0","0.0","42","31"
"USW00094728","NY CITY CENTRAL PARK, NY US","2015-01-19","7.61","0.00","0.0","0.0","42","36"
"USW00094728","NY CITY CENTRAL PARK, NY US","2015-01-20","5.82","0.00","0.0","0.0","40","32"
"USW00094728","NY CITY CENTRAL PARK, NY US","2015-01-21","4.25","0.00","0.0","0.0","36","25"
"USW00094728","NY CITY CENTRAL PARK, NY US","2015-01-22","5.59","0.00","0.0","0.0","40","31"
"USW00094728","NY CITY CENTRAL PARK, NY US","2015-01-23","5.59","0.00","0.0","0.0","39","28"
"USW00094728","NY CITY CENTRAL PARK, NY US","2015-01-24","6.04","0.72","3.6","3.1","39","33"
"USW00094728","NY CITY CENTRAL PARK, NY US","2015-01-25","6.26","0.00","0.0","2.0","42","31"
"USW00094728","NY CITY CENTRAL PARK, NY US","2015-01-26","12.75","0.48","5.5","2.0","31","22"
"USW00094728","NY CITY CENTRAL PARK, NY US","2015-01-27","8.28","0.36","4.3","7.9","30","20"
"USW00094728","NY CITY CENTRAL PARK, NY US","2015-01-28","7.61","0.00","0.0","7.9","34","16"
"USW00094728","NY CITY CENTRAL PARK, NY US","2015-01-29","3.80","0.02","0.0","5.9","36","19"
"USW00094728","NY CITY CENTRAL PARK, NY US","2015-01-30","10.51","0.06","1.0","7.1","38","19"
"USW00094728","NY CITY CENTRAL PARK, NY US","2015-01-31","12.30","0.00","0.0","7.1","26","13"
"USW00094728","NY CITY CENTRAL PARK, NY US","2015-02-01","3.80","0.03","0.3","5.9","36","20"
"USW00094728","NY CITY CENTRAL PARK, NY US","2015-02-02","9.84","1.02","5.0","7.1","34","14"
"USW00094728","NY CITY CENTRAL PARK, NY US","2015-02-03","7.16","0.00","0.0","7.9","26","13"
"USW00094728","NY CITY CENTRAL PARK, NY US","2015-02-04","4.25","0.00","0.0","7.9","43","24"
"USW00094728","NY CITY CENTRAL PARK, NY US","2015-02-05","8.50","0.00","0.0","7.9","42","14"
"USW00094728","NY CITY CENTRAL PARK, NY US","2015-02-06","7.16","0.00","0.0","7.9","27","12"
"USW00094728","NY CITY CENTRAL PARK, NY US","2015-02-07","3.80","0.02","0.0","7.9","40","25"
"USW00094728","NY CITY CENTRAL PARK, NY US","2015-02-08","8.50","0.00","0.0","7.9","37","29"
"USW00094728","NY CITY CENTRAL PARK, NY US","2015-02-09","10.96","0.09","0.0","7.9","29","25"
"USW00094728","NY CITY CENTRAL PARK, NY US","2015-02-10","10.51","0.01","0.1","7.9","40","26"
"USW00094728","NY CITY CENTRAL PARK, NY US","2015-02-11","6.49","0.00","0.0","7.9","34","22"
"USW00094728","NY CITY CENTRAL PARK, NY US","2015-02-12","7.38","0.00","0.0","7.9","40","16"
"USW00094728","NY CITY CENTRAL PARK, NY US","2015-02-13","9.17","0.00","0.0","7.9","21","8"
"USW00094728","NY CITY CENTRAL PARK, NY US","2015-02-14","5.37","0.02","0.9","7.9","32","16"
"USW00094728","NY CITY CENTRAL PARK, NY US","2015-02-15","14.54","0.00","0.0","9.1","25","4"
"USW00094728","NY CITY CENTRAL PARK, NY US","2015-02-16","6.93","0.00","0.0","9.1","21","3"
"USW00094728","NY CITY CENTRAL PARK, NY US","2015-02-17","4.70","0.14","3.3","11.8","27","14"
"USW00094728","NY CITY CENTRAL PARK, NY US","2015-02-18","4.25","0.00","0.0","9.1","33","19"
"USW00094728","NY CITY CENTRAL PARK, NY US","2015-02-19","11.41","0.00","0.0","9.1","27","8"
"USW00094728","NY CITY CENTRAL PARK, NY US","2015-02-20","10.29","0.00","0.0","9.1","19","2"
"USW00094728","NY CITY CENTRAL PARK, NY US","2015-02-21","4.47","0.61","3.0","9.1","32","13"
"USW00094728","NY CITY CENTRAL PARK, NY US","2015-02-22","2.91","0.10","1.0","13.0","43","32"
"USW00094728","NY CITY CENTRAL PARK, NY US","2015-02-23","11.18","0.00","0.0","11.8","38","8"
"USW00094728","NY CITY CENTRAL PARK, NY US","2015-02-24","5.82","0.00","0.0","11.8","24","4"
"USW00094728","NY CITY CENTRAL PARK, NY US","2015-02-25","6.49","0.00","0.0","11.8","37","20"
"USW00094728","NY CITY CENTRAL PARK, NY US","2015-02-26","7.16","0.00","0.0","11.0","32","21"
"USW00094728","NY CITY CENTRAL PARK, NY US","2015-02-27","6.04","0.00","0.0","11.0","30","18"
"USW00094728","NY CITY CENTRAL PARK, NY US","2015-02-28","3.58","0.00","0.0","11.0","29","13"
"USW00094728","NY CITY CENTRAL PARK, NY US","2015-03-01","2.24","0.52","4.8","9.8","31","24"
"USW00094728","NY CITY CENTRAL PARK, NY US","2015-03-02","8.05","0.00","0.0","15.0","39","27"
"USW00094728","NY CITY CENTRAL PARK, NY US","2015-03-03","4.92","0.67","1.8","14.2","37","22"
"USW00094728","NY CITY CENTRAL PARK, NY US","2015-03-04","6.04","0.25","0.0","13.0","45","35"
"USW00094728","NY CITY CENTRAL PARK, NY US","2015-03-05","5.82","0.76","7.5","13.0","40","19"
"USW00094728","NY CITY CENTRAL PARK, NY US","2015-03-06","6.26","0.00","0.0","18.9","27","12"
"USW00094728","NY CITY CENTRAL PARK, NY US","2015-03-07","5.14","0.00","0.0","18.1","38","18"
"USW00094728","NY CITY CENTRAL PARK, NY US","2015-03-08","5.14","0.00","0.0","16.1","49","37"
"USW00094728","NY CITY CENTRAL PARK, NY US","2015-03-09","4.70","0.01","0.0","13.0","54","40"
"USW00094728","NY CITY CENTRAL PARK, NY US","2015-03-10","3.58","0.46","0.0","11.0","53","39"
"USW00094728","NY CITY CENTRAL PARK, NY US","2015-03-11","6.93","0.01","0.0","5.9","59","44"
"USW00094728","NY CITY CENTRAL PARK, NY US","2015-03-12","8.28","0.00","0.0","3.9","47","36"
"USW00094728","NY CITY CENTRAL PARK, NY US","2015-03-13","6.49","0.00","0.0","2.0","43","31"
"USW00094728","NY CITY CENTRAL PARK, NY US","2015-03-14","5.59","0.81","0.0","1.2","51","40"
"USW00094728","NY CITY CENTRAL PARK, NY US","2015-03-15","11.41","0.00","0.0","0.0","44","36"
"USW00094728","NY CITY CENTRAL PARK, NY US","2015-03-16","3.80","0.00","0.0","0.0","52","35"
"USW00094728","NY CITY CENTRAL PARK, NY US","2015-03-17","9.62","0.02","0.0","0.0","57","34"
"USW00094728","NY CITY CENTRAL PARK, NY US","2015-03-18","9.62","0.00","0.0","0.0","39","29"
"USW00094728","NY CITY CENTRAL PARK, NY US","2015-03-19","5.82","0.00","0.0","0.0","43","29"
"USW00094728","NY CITY CENTRAL PARK, NY US","2015-03-20","7.83","0.40","4.5","0.0","38","29"
"USW00094728","NY CITY CENTRAL PARK, NY US","2015-03-21","5.37","0.00","0.0","5.1","47","29"
"USW00094728","NY CITY CENTRAL PARK, NY US","2015-03-22","7.61","0.00","0.0","0.0","43","28"
"USW00094728","NY CITY CENTRAL PARK, NY US","2015-03-23","6.71","0.00","0.0","0.0","38","23"
"USW00094728","NY CITY CENTRAL PARK, NY US","2015-03-24","4.03","0.00","0.0","0.0","45","26"
"USW00094728","NY CITY CENTRAL PARK, NY US","2015-03-25","4.47","0.05","0.0","0.0","49","34"
"USW00094728","NY CITY CENTRAL PARK, NY US","2015-03-26","2.91","0.32","0.0","0.0","62","42"
"USW00094728","NY CITY CENTRAL PARK, NY US","2015-03-27","4.25","0.27","0.0","0.0","46","39"
"USW00094728","NY CITY CENTRAL PARK, NY US","2015-03-28","7.61","0.00","0.0","0.0","40","26"
"USW00094728","NY CITY CENTRAL PARK, NY US","2015-03-29","6.26","0.00","0.0","0.0","46","25"
"USW00094728","NY CITY CENTRAL PARK, NY US","2015-03-30","7.83","0.00","0.0","0.0","54","36"
"USW00094728","NY CITY CENTRAL PARK, NY US","2015-03-31","5.37","0.17","0.0","0.0","47","35"
"USW00094728","NY CITY CENTRAL PARK, NY US","2015-04-01","5.14","0.00","0.0","0.0","51","32"
"USW00094728","NY CITY CENTRAL PARK, NY US","2015-04-02","6.26","0.00","0.0","0.0","67","41"
"USW00094728","NY CITY CENTRAL PARK, NY US","2015-04-03","6.71","0.04","0.0","0.0","64","59"
"USW00094728","NY CITY CENTRAL PARK, NY US","2015-04-04","10.07","0.01","0.0","0.0","60","42"
"USW00094728","NY CITY CENTRAL PARK, NY US","2015-04-05","4.92","0.00","0.0","0.0","61","42"
"USW00094728","NY CITY CENTRAL PARK, NY US","2015-04-06","4.25","0.00","0.0","0.0","63","42"
"USW00094728","NY CITY CENTRAL PARK, NY US","2015-04-07","6.93","0.15","0.0","0.0","62","42"
"USW00094728","NY CITY CENTRAL PARK, NY US","2015-04-08","11.41","0.00","0.0","0.0","45","37"
"USW00094728","NY CITY CENTRAL PARK, NY US","2015-04-09","8.95","0.00","0.0","0.0","43","37"
"USW00094728","NY CITY CENTRAL PARK, NY US","2015-04-10","4.70","0.17","0.0","0.0","56","39"
"USW00094728","NY CITY CENTRAL PARK, NY US","2015-04-11","8.72","0.00","0.0","0.0","57","44"
"USW00094728","NY CITY CENTRAL PARK, NY US","2015-04-12","3.36","0.00","0.0","0.0","66","43"
"USW00094728","NY CITY CENTRAL PARK, NY US","2015-04-13","4.70","0.00","0.0","0.0","68","50"
"USW00094728","NY CITY CENTRAL PARK, NY US","2015-04-14","3.80","0.01","0.0","0.0","65","55"
"USW00094728","NY CITY CENTRAL PARK, NY US","2015-04-15","6.26","0.00","0.0","0.0","72","51"
"USW00094728","NY CITY CENTRAL PARK, NY US","2015-04-16","6.49","0.00","0.0","0.0","64","52"
"USW00094728","NY CITY CENTRAL PARK, NY US","2015-04-17","5.14","0.08","0.0","0.0","71","55"
"USW00094728","NY CITY CENTRAL PARK, NY US","2015-04-18","4.25","0.00","0.0","0.0","80","59"
"USW00094728","NY CITY CENTRAL PARK, NY US","2015-04-19","8.50","0.00","0.0","0.0","64","48"
"USW00094728","NY CITY CENTRAL PARK, NY US","2015-04-20","7.38","1.37","0.0","0.0","57","46"
"USW00094728","NY CITY CENTRAL PARK, NY US","2015-04-21","6.04","0.20","0.0","0.0","65","52"
"USW00094728","NY CITY CENTRAL PARK, NY US","2015-04-22","6.49","0.05","0.0","0.0","69","48"
"USW00094728","NY CITY CENTRAL PARK, NY US","2015-04-23","9.17","0.00","0.0","0.0","52","41"
"USW00094728","NY CITY CENTRAL PARK, NY US","2015-04-24","8.50","0.00","0.0","0.0","52","39"
"USW00094728","NY CITY CENTRAL PARK, NY US","2015-04-25","5.59","0.00","0.0","0.0","62","38"
"USW00094728","NY CITY CENTRAL PARK, NY US","2015-04-26","5.14","0.00","0.0","0.0","64","46"
"USW00094728","NY CITY CENTRAL PARK, NY US","2015-04-27","5.82","0.00","0.0","0.0","62","49"
"USW00094728","NY CITY CENTRAL PARK, NY US","2015-04-28","7.83","0.00","0.0","0.0","71","50"
"USW00094728","NY CITY CENTRAL PARK, NY US","2015-04-29","5.59","0.00","0.0","0.0","78","50"
"USW00094728","NY CITY CENTRAL PARK, NY US","2015-04-30","8.05","0.00","0.0","0.0","67","48"
"USW00094728","NY CITY CENTRAL PARK, NY US","2015-05-01","5.14","0.00","0.0","0.0","63","49"
"USW00094728","NY CITY CENTRAL PARK, NY US","2015-05-02","2.91","0.00","0.0","0.0","74","48"
"USW00094728","NY CITY CENTRAL PARK, NY US","2015-05-03","2.46","0.00","0.0","0.0","80","51"
"USW00094728","NY CITY CENTRAL PARK, NY US","2015-05-04","5.37","0.00","0.0","0.0","85","57"
"USW00094728","NY CITY CENTRAL PARK, NY US","2015-05-05","4.03","0.00","0.0","0.0","85","66"
"USW00094728","NY CITY CENTRAL PARK, NY US","2015-05-06","4.92","0.00","0.0","0.0","73","59"
"USW00094728","NY CITY CENTRAL PARK, NY US","2015-05-07","2.24","0.00","0.0","0.0","80","56"
"USW00094728","NY CITY CENTRAL PARK, NY US","2015-05-08","2.91","0.00","0.0","0.0","82","56"
"USW00094728","NY CITY CENTRAL PARK, NY US","2015-05-09","4.25","0.00","0.0","0.0","70","57"
"USW00094728","NY CITY CENTRAL PARK, NY US","2015-05-10","3.58","0.00","0.0","0.0","83","61"
"USW00094728","NY CITY CENTRAL PARK, NY US","2015-05-11","3.80","0.00","0.0","0.0","84","70"
"USW00094728","NY CITY CENTRAL PARK, NY US","2015-05-12","5.37","0.00","0.0","0.0","86","64"
"USW00094728","NY CITY CENTRAL PARK, NY US","2015-05-13","7.38","0.00","0.0","0.0","70","53"
"USW00094728","NY CITY CENTRAL PARK, NY US","2015-05-14","3.80","0.00","0.0","0.0","73","50"
"USW00094728","NY CITY CENTRAL PARK, NY US","2015-05-15","3.36","0.00","0.0","0.0","75","55"
"USW00094728","NY CITY CENTRAL PARK, NY US","2015-05-16","2.01","0.30","0.0","0.0","75","57"
"USW00094728","NY CITY CENTRAL PARK, NY US","2015-05-17","2.01","0.02","0.0","0.0","83","64"
"USW00094728","NY CITY CENTRAL PARK, NY US","2015-05-18","4.70","0.00","0.0","0.0","75","60"
"USW00094728","NY CITY CENTRAL PARK, NY US","2015-05-19","2.46","0.00","0.0","0.0","80","59"
"USW00094728","NY CITY CENTRAL PARK, NY US","2015-05-20","6.93","0.00","0.0","0.0","67","54"
"USW00094728","NY CITY CENTRAL PARK, NY US","2015-05-21","2.68","0.00","0.0","0.0","62","52"
"USW00094728","NY CITY CENTRAL PARK, NY US","2015-05-22","6.04","0.00","0.0","0.0","74","55"
"USW00094728","NY CITY CENTRAL PARK, NY US","2015-05-23","4.47","0.00","0.0","0.0","70","49"
"USW00094728","NY CITY CENTRAL PARK, NY US","2015-05-24","3.80","0.00","0.0","0.0","81","56"
"USW00094728","NY CITY CENTRAL PARK, NY US","2015-05-25","4.92","0.00","0.0","0.0","85","64"
"USW00094728","NY CITY CENTRAL PARK, NY US","2015-05-26","5.14","0.00","0.0","0.0","88","67"
"USW00094728","NY CITY CENTRAL PARK, NY US","2015-05-27","5.14","0.08","0.0","0.0","85","70"
"USW00094728","NY CITY CENTRAL PARK, NY US","2015-05-28","4.03","0.00","0.0","0.0","85","70"
"USW00094728","NY CITY CENTRAL PARK, NY US","2015-05-29","4.03","0.00","0.0","0.0","85","65"
"USW00094728","NY CITY CENTRAL PARK, NY US","2015-05-30","5.59","0.00","0.0","0.0","85","67"
"USW00094728","NY CITY CENTRAL PARK, NY US","2015-05-31","5.59","1.46","0.0","0.0","87","57"
"USW00094728","NY CITY CENTRAL PARK, NY US","2015-06-01","10.29","0.72","0.0","0.0","58","51"
"USW00094728","NY CITY CENTRAL PARK, NY US","2015-06-02","6.26","0.37","0.0","0.0","55","50"
"USW00094728","NY CITY CENTRAL PARK, NY US","2015-06-03","4.70","0.00","0.0","0.0","70","52"
"USW00094728","NY CITY CENTRAL PARK, NY US","2015-06-04","5.14","0.00","0.0","0.0","65","54"
"USW00094728","NY CITY CENTRAL PARK, NY US","2015-06-05","2.91","0.13","0.0","0.0","70","55"
"USW00094728","NY CITY CENTRAL PARK, NY US","2015-06-06","4.70","0.19","0.0","0.0","76","60"
"USW00094728","NY CITY CENTRAL PARK, NY US","2015-06-07","3.80","0.00","0.0","0.0","74","55"
"USW00094728","NY CITY CENTRAL PARK, NY US","2015-06-08","6.04","0.06","0.0","0.0","79","63"
"USW00094728","NY CITY CENTRAL PARK, NY US","2015-06-09","4.92","0.01","0.0","0.0","83","68"
"USW00094728","NY CITY CENTRAL PARK, NY US","2015-06-10","3.13","0.00","0.0","0.0","82","65"
"USW00094728","NY CITY CENTRAL PARK, NY US","2015-06-11","4.47","0.00","0.0","0.0","89","72"
"USW00094728","NY CITY CENTRAL PARK, NY US","2015-06-12","4.47","0.00","0.0","0.0","88","73"
"USW00094728","NY CITY CENTRAL PARK, NY US","2015-06-13","5.37","0.00","0.0","0.0","86","72"
"USW00094728","NY CITY CENTRAL PARK, NY US","2015-06-14","2.68","0.36","0.0","0.0","88","66"
"USW00094728","NY CITY CENTRAL PARK, NY US","2015-06-15","4.70","0.57","0.0","0.0","83","64"
"USW00094728","NY CITY CENTRAL PARK, NY US","2015-06-16","2.24","0.27","0.0","0.0","79","65"
"USW00094728","NY CITY CENTRAL PARK, NY US","2015-06-17","3.80","0.00","0.0","0.0","82","66"
"USW00094728","NY CITY CENTRAL PARK, NY US","2015-06-18","3.58","0.00","0.0","0.0","71","64"
"USW00094728","NY CITY CENTRAL PARK, NY US","2015-06-19","3.80","0.00","0.0","0.0","87","68"
"USW00094728","NY CITY CENTRAL PARK, NY US","2015-06-20","5.37","0.00","0.0","0.0","75","64"
"USW00094728","NY CITY CENTRAL PARK, NY US","2015-06-21","4.47","0.64","0.0","0.0","88","71"
"USW00094728","NY CITY CENTRAL PARK, NY US","2015-06-22","4.92","0.00","0.0","0.0","87","70"
"USW00094728","NY CITY CENTRAL PARK, NY US","2015-06-23","5.82","0.02","0.0","0.0","90","75"
"USW00094728","NY CITY CENTRAL PARK, NY US","2015-06-24","4.70","0.00","0.0","0.0","84","68"
"USW00094728","NY CITY CENTRAL PARK, NY US","2015-06-25","3.13","0.00","0.0","0.0","83","65"
"USW00094728","NY CITY CENTRAL PARK, NY US","2015-06-26","4.47","0.00","0.0","0.0","81","69"
"USW00094728","NY CITY CENTRAL PARK, NY US","2015-06-27","7.38","1.12","0.0","0.0","71","58"
"USW00094728","NY CITY CENTRAL PARK, NY US","2015-06-28","5.37","0.29","0.0","0.0","73","62"
"USW00094728","NY CITY CENTRAL PARK, NY US","2015-06-29","4.92","0.00","0.0","0.0","76","63"
"USW00094728","NY CITY CENTRAL PARK, NY US","2015-06-30","4.92","0.04","0.0","0.0","82","68"
"USW00094728","NY CITY CENTRAL PARK, NY US","2015-07-01","4.25","0.39","0.0","0.0","82","69"
"USW00094728","NY CITY CENTRAL PARK, NY US","2015-07-02","1.12","0.00","0.0","0.0","80","69"
"USW00094728","NY CITY CENTRAL PARK, NY US","2015-07-03","2.91","0.00","0.0","0.0","82","66"
"USW00094728","NY CITY CENTRAL PARK, NY US","2015-07-04","3.36","0.00","0.0","0.0","75","69"
"USW00094728","NY CITY CENTRAL PARK, NY US","2015-07-05","1.57","0.00","0.0","0.0","83","68"
"USW00094728","NY CITY CENTRAL PARK, NY US","2015-07-06","2.91","0.00","0.0","0.0","83","72"
"USW00094728","NY CITY CENTRAL PARK, NY US","2015-07-07","4.92","0.12","0.0","0.0","88","75"
"USW00094728","NY CITY CENTRAL PARK, NY US","2015-07-08","3.13","0.00","0.0","0.0","88","77"
"USW00094728","NY CITY CENTRAL PARK, NY US","2015-07-09","4.70","0.30","0.0","0.0","79","68"
"USW00094728","NY CITY CENTRAL PARK, NY US","2015-07-10","4.70","0.00","0.0","0.0","84","72"
"USW00094728","NY CITY CENTRAL PARK, NY US","2015-07-11","2.46","0.00","0.0","0.0","88","69"
"USW00094728","NY CITY CENTRAL PARK, NY US","2015-07-12","2.01","0.00","0.0","0.0","89","72"
"USW00094728","NY CITY CENTRAL PARK, NY US","2015-07-13","2.68","0.00","0.0","0.0","88","73"
"USW00094728","NY CITY CENTRAL PARK, NY US","2015-07-14","2.68","0.42","0.0","0.0","82","73"
"USW00094728","NY CITY CENTRAL PARK, NY US","2015-07-15","4.47","0.12","0.0","0.0","81","72"
"USW00094728","NY CITY CENTRAL PARK, NY US","2015-07-16","5.59","0.00","0.0","0.0","80","64"
"USW00094728","NY CITY CENTRAL PARK, NY US","2015-07-17","3.80","0.00","0.0","0.0","81","67"
"USW00094728","NY CITY CENTRAL PARK, NY US","2015-07-18","4.47","0.32","0.0","0.0","85","71"
"USW00094728","NY CITY CENTRAL PARK, NY US","2015-07-19","3.13","0.00","0.0","0.0","93","78"
"USW00094728","NY CITY CENTRAL PARK, NY US","2015-07-20","4.47","0.00","0.0","0.0","94","82"
"USW00094728","NY CITY CENTRAL PARK, NY US","2015-07-21","2.46","0.00","0.0","0.0","89","74"
"USW00094728","NY CITY CENTRAL PARK, NY US","2015-07-22","5.82","0.00","0.0","0.0","85","69"
"USW00094728","NY CITY CENTRAL PARK, NY US","2015-07-23","3.80","0.00","0.0","0.0","86","68"
"USW00094728","NY CITY CENTRAL PARK, NY US","2015-07-24","2.01","0.00","0.0","0.0","87","70"
"USW00094728","NY CITY CENTRAL PARK, NY US","2015-07-25","3.13","0.00","0.0","0.0","88","69"
"USW00094728","NY CITY CENTRAL PARK, NY US","2015-07-26","4.47","0.00","0.0","0.0","90","74"
"USW00094728","NY CITY CENTRAL PARK, NY US","2015-07-27","2.91","0.36","0.0","0.0","86","71"
"USW00094728","NY CITY CENTRAL PARK, NY US","2015-07-28","2.68","0.00","0.0","0.0","95","75"
"USW00094728","NY CITY CENTRAL PARK, NY US","2015-07-29","3.80","0.00","0.0","0.0","96","78"
"USW00094728","NY CITY CENTRAL PARK, NY US","2015-07-30","4.25","1.95","0.0","0.0","87","76"
"USW00094728","NY CITY CENTRAL PARK, NY US","2015-07-31","3.36","0.00","0.0","0.0","89","72"
"USW00094728","NY CITY CENTRAL PARK, NY US","2015-08-01","4.47","0.00","0.0","0.0","89","75"
"USW00094728","NY CITY CENTRAL PARK, NY US","2015-08-02","2.01","0.00","0.0","0.0","89","71"
"USW00094728","NY CITY CENTRAL PARK, NY US","2015-08-03","4.92","0.00","0.0","0.0","90","75"
"USW00094728","NY CITY CENTRAL PARK, NY US","2015-08-04","5.37","0.43","0.0","0.0","89","69"
"USW00094728","NY CITY CENTRAL PARK, NY US","2015-08-05","2.91","0.00","0.0","0.0","87","72"
"USW00094728","NY CITY CENTRAL PARK, NY US","2015-08-06","2.46","0.00","0.0","0.0","83","67"
"USW00094728","NY CITY CENTRAL PARK, NY US","2015-08-07","5.37","0.00","0.0","0.0","84","69"
"USW00094728","NY CITY CENTRAL PARK, NY US","2015-08-08","3.80","0.00","0.0","0.0","82","68"
"USW00094728","NY CITY CENTRAL PARK, NY US","2015-08-09","3.80","0.00","0.0","0.0","85","68"
"USW00094728","NY CITY CENTRAL PARK, NY US","2015-08-10","4.47","0.00","0.0","0.0","84","70"
"USW00094728","NY CITY CENTRAL PARK, NY US","2015-08-11","4.25","1.17","0.0","0.0","81","71"
"USW00094728","NY CITY CENTRAL PARK, NY US","2015-08-12","4.70","0.00","0.0","0.0","85","71"
"USW00094728","NY CITY CENTRAL PARK, NY US","2015-08-13","3.13","0.00","0.0","0.0","83","67"
"USW00094728","NY CITY CENTRAL PARK, NY US","2015-08-14","2.91","0.00","0.0","0.0","88","67"
"USW00094728","NY CITY CENTRAL PARK, NY US","2015-08-15","3.36","0.00","0.0","0.0","92","73"
"USW00094728","NY CITY CENTRAL PARK, NY US","2015-08-16","1.57","0.00","0.0","0.0","93","76"
"USW00094728","NY CITY CENTRAL PARK, NY US","2015-08-17","3.36","0.00","0.0","0.0","95","78"
"USW00094728","NY CITY CENTRAL PARK, NY US","2015-08-18","4.03","0.29","0.0","0.0","90","73"
"USW00094728","NY CITY CENTRAL PARK, NY US","2015-08-19","4.03","0.00","0.0","0.0","87","77"
"USW00094728","NY CITY CENTRAL PARK, NY US","2015-08-20","5.59","0.01","0.0","0.0","86","77"
"USW00094728","NY CITY CENTRAL PARK, NY US","2015-08-21","4.25","0.32","0.0","0.0","87","71"
"USW00094728","NY CITY CENTRAL PARK, NY US","2015-08-22","4.47","0.00","0.0","0.0","86","69"
"USW00094728","NY CITY CENTRAL PARK, NY US","2015-08-23","4.03","0.00","0.0","0.0","85","70"
"USW00094728","NY CITY CENTRAL PARK, NY US","2015-08-24","2.46","0.00","0.0","0.0","87","73"
"USW00094728","NY CITY CENTRAL PARK, NY US","2015-08-25","3.80","0.00","0.0","0.0","90","73"
"USW00094728","NY CITY CENTRAL PARK, NY US","2015-08-26","3.80","0.00","0.0","0.0","85","67"
"USW00094728","NY CITY CENTRAL PARK, NY US","2015-08-27","3.13","0.00","0.0","0.0","82","67"
"USW00094728","NY CITY CENTRAL PARK, NY US","2015-08-28","2.46","0.00","0.0","0.0","82","63"
"USW00094728","NY CITY CENTRAL PARK, NY US","2015-08-29","2.01","0.00","0.0","0.0","87","67"
"USW00094728","NY CITY CENTRAL PARK, NY US","2015-08-30","4.03","0.13","0.0","0.0","90","72"
"USW00094728","NY CITY CENTRAL PARK, NY US","2015-08-31","4.47","0.00","0.0","0.0","91","76"
"USW00094728","NY CITY CENTRAL PARK, NY US","2015-09-01","2.24","0.00","0.0","0.0","90","76"
"USW00094728","NY CITY CENTRAL PARK, NY US","2015-09-02","1.79","0.00","0.0","0.0","91","74"
"USW00094728","NY CITY CENTRAL PARK, NY US","2015-09-03","2.01","0.00","0.0","0.0","93","74"
"USW00094728","NY CITY CENTRAL PARK, NY US","2015-09-04","6.93","0.00","0.0","0.0","85","72"
"USW00094728","NY CITY CENTRAL PARK, NY US","2015-09-05","4.03","0.00","0.0","0.0","83","67"
"USW00094728","NY CITY CENTRAL PARK, NY US","2015-09-06","1.34","0.00","0.0","0.0","87","65"
"USW00094728","NY CITY CENTRAL PARK, NY US","2015-09-07","4.25","0.00","0.0","0.0","92","70"
"USW00094728","NY CITY CENTRAL PARK, NY US","2015-09-08","4.92","0.00","0.0","0.0","97","76"
"USW00094728","NY CITY CENTRAL PARK, NY US","2015-09-09","3.80","0.00","0.0","0.0","90","76"
"USW00094728","NY CITY CENTRAL PARK, NY US","2015-09-10","6.26","1.58","0.0","0.0","79","70"
"USW00094728","NY CITY CENTRAL PARK, NY US","2015-09-11","5.14","0.00","0.0","0.0","81","66"
"USW00094728","NY CITY CENTRAL PARK, NY US","2015-09-12","4.25","0.29","0.0","0.0","79","69"
"USW00094728","NY CITY CENTRAL PARK, NY US","2015-09-13","6.26","0.04","0.0","0.0","80","62"
"USW00094728","NY CITY CENTRAL PARK, NY US","2015-09-14","6.49","0.00","0.0","0.0","77","59"
"USW00094728","NY CITY CENTRAL PARK, NY US","2015-09-15","2.24","0.00","0.0","0.0","84","62"
"USW00094728","NY CITY CENTRAL PARK, NY US","2015-09-16","1.34","0.00","0.0","0.0","88","66"
"USW00094728","NY CITY CENTRAL PARK, NY US","2015-09-17","2.24","0.00","0.0","0.0","89","68"
"USW00094728","NY CITY CENTRAL PARK, NY US","2015-09-18","2.01","0.00","0.0","0.0","87","68"
"USW00094728","NY CITY CENTRAL PARK, NY US","2015-09-19","2.68","0.00","0.0","0.0","83","68"
"USW00094728","NY CITY CENTRAL PARK, NY US","2015-09-20","7.83","0.00","0.0","0.0","79","64"
"USW00094728","NY CITY CENTRAL PARK, NY US","2015-09-21","7.61","0.00","0.0","0.0","73","59"
"USW00094728","NY CITY CENTRAL PARK, NY US","2015-09-22","6.93","0.00","0.0","0.0","71","62"
"USW00094728","NY CITY CENTRAL PARK, NY US","2015-09-23","2.91","0.00","0.0","0.0","80","59"
"USW00094728","NY CITY CENTRAL PARK, NY US","2015-09-24","4.25","0.00","0.0","0.0","82","60"
"USW00094728","NY CITY CENTRAL PARK, NY US","2015-09-25","6.26","0.00","0.0","0.0","76","63"
"USW00094728","NY CITY CENTRAL PARK, NY US","2015-09-26","6.04","0.00","0.0","0.0","72","61"
"USW00094728","NY CITY CENTRAL PARK, NY US","2015-09-27","4.92","0.00","0.0","0.0","71","56"
"USW00094728","NY CITY CENTRAL PARK, NY US","2015-09-28","3.36","0.00","0.0","0.0","78","65"
"USW00094728","NY CITY CENTRAL PARK, NY US","2015-09-29","2.68","0.11","0.0","0.0","83","72"
"USW00094728","NY CITY CENTRAL PARK, NY US","2015-09-30","8.28","1.26","0.0","0.0","79","59"
"USW00094728","NY CITY CENTRAL PARK, NY US","2015-10-01","8.72","0.09","0.0","0.0","64","56"
"USW00094728","NY CITY CENTRAL PARK, NY US","2015-10-02","12.53","1.08","0.0","0.0","57","48"
"USW00094728","NY CITY CENTRAL PARK, NY US","2015-10-03","11.41","0.35","0.0","0.0","55","49"
"USW00094728","NY CITY CENTRAL PARK, NY US","2015-10-04","10.74","0.00","0.0","0.0","63","53"
"USW00094728","NY CITY CENTRAL PARK, NY US","2015-10-05","6.26","0.00","0.0","0.0","67","52"
"USW00094728","NY CITY CENTRAL PARK, NY US","2015-10-06","1.57","0.00","0.0","0.0","73","52"
"USW00094728","NY CITY CENTRAL PARK, NY US","2015-10-07","2.91","0.00","0.0","0.0","73","58"
"USW00094728","NY CITY CENTRAL PARK, NY US","2015-10-08","3.36","0.00","0.0","0.0","72","59"
"USW00094728","NY CITY CENTRAL PARK, NY US","2015-10-09","4.03","0.89","0.0","0.0","78","61"
"USW00094728","NY CITY CENTRAL PARK, NY US","2015-10-10","2.46","0.00","0.0","0.0","65","50"
"USW00094728","NY CITY CENTRAL PARK, NY US","2015-10-11","3.80","0.00","0.0","0.0","69","53"
"USW00094728","NY CITY CENTRAL PARK, NY US","2015-10-12","3.80","0.00","0.0","0.0","77","56"
"USW00094728","NY CITY CENTRAL PARK, NY US","2015-10-13","3.58","0.01","0.0","0.0","72","61"
"USW00094728","NY CITY CENTRAL PARK, NY US","2015-10-14","3.80","0.00","0.0","0.0","69","57"
"USW00094728","NY CITY CENTRAL PARK, NY US","2015-10-15","4.03","0.00","0.0","0.0","64","51"
"USW00094728","NY CITY CENTRAL PARK, NY US","2015-10-16","5.37","0.00","0.0","0.0","64","53"
"USW00094728","NY CITY CENTRAL PARK, NY US","2015-10-17","5.82","0.00","0.0","0.0","56","42"
"USW00094728","NY CITY CENTRAL PARK, NY US","2015-10-18","4.92","0.00","0.0","0.0","50","38"
"USW00094728","NY CITY CENTRAL PARK, NY US","2015-10-19","3.80","0.00","0.0","0.0","53","35"
"USW00094728","NY CITY CENTRAL PARK, NY US","2015-10-20","6.04","0.00","0.0","0.0","70","48"
"USW00094728","NY CITY CENTRAL PARK, NY US","2015-10-21","2.24","0.00","0.0","0.0","76","57"
"USW00094728","NY CITY CENTRAL PARK, NY US","2015-10-22","4.70","0.00","0.0","0.0","75","58"
"USW00094728","NY CITY CENTRAL PARK, NY US","2015-10-23","6.71","0.00","0.0","0.0","65","45"
"USW00094728","NY CITY CENTRAL PARK, NY US","2015-10-24","4.03","0.00","0.0","0.0","57","40"
"USW00094728","NY CITY CENTRAL PARK, NY US","2015-10-25","4.92","0.05","0.0","0.0","68","48"
"USW00094728","NY CITY CENTRAL PARK, NY US","2015-10-26","3.80","0.00","0.0","0.0","58","46"
"USW00094728","NY CITY CENTRAL PARK, NY US","2015-10-27","4.47","0.00","0.0","0.0","59","45"
"USW00094728","NY CITY CENTRAL PARK, NY US","2015-10-28","6.71","1.40","0.0","0.0","69","53"
"USW00094728","NY CITY CENTRAL PARK, NY US","2015-10-29","6.49","0.04","0.0","0.0","73","57"
"USW00094728","NY CITY CENTRAL PARK, NY US","2015-10-30","5.82","0.00","0.0","0.0","61","48"
"USW00094728","NY CITY CENTRAL PARK, NY US","2015-10-31","2.91","0.00","0.0","0.0","56","42"
"USW00094728","NY CITY CENTRAL PARK, NY US","2015-11-01","4.92","0.00","0.0","0.0","65","54"
"USW00094728","NY CITY CENTRAL PARK, NY US","2015-11-02","2.01","0.00","0.0","0.0","63","54"
"USW00094728","NY CITY CENTRAL PARK, NY US","2015-11-03","2.46","0.00","0.0","0.0","72","48"
"USW00094728","NY CITY CENTRAL PARK, NY US","2015-11-04","2.46","0.00","0.0","0.0","70","56"
"USW00094728","NY CITY CENTRAL PARK, NY US","2015-11-05","2.01","0.01","0.0","0.0","71","56"
"USW00094728","NY CITY CENTRAL PARK, NY US","2015-11-06","4.70","0.00","0.0","0.0","74","66"
"USW00094728","NY CITY CENTRAL PARK, NY US","2015-11-07","4.47","0.00","0.0","0.0","72","53"
"USW00094728","NY CITY CENTRAL PARK, NY US","2015-11-08","3.58","0.00","0.0","0.0","56","46"
"USW00094728","NY CITY CENTRAL PARK, NY US","2015-11-09","2.01","0.00","0.0","0.0","59","43"
"USW00094728","NY CITY CENTRAL PARK, NY US","2015-11-10","9.84","0.26","0.0","0.0","57","51"
"USW00094728","NY CITY CENTRAL PARK, NY US","2015-11-11","4.92","0.43","0.0","0.0","58","49"
"USW00094728","NY CITY CENTRAL PARK, NY US","2015-11-12","5.59","0.01","0.0","0.0","61","51"
"USW00094728","NY CITY CENTRAL PARK, NY US","2015-11-13","10.74","0.00","0.0","0.0","58","46"
"USW00094728","NY CITY CENTRAL PARK, NY US","2015-11-14","7.83","0.00","0.0","0.0","49","42"
"USW00094728","NY CITY CENTRAL PARK, NY US","2015-11-15","4.70","0.00","0.0","0.0","58","39"
"USW00094728","NY CITY CENTRAL PARK, NY US","2015-11-16","4.03","0.00","0.0","0.0","67","51"
"USW00094728","NY CITY CENTRAL PARK, NY US","2015-11-17","6.26","0.00","0.0","0.0","52","40"
"USW00094728","NY CITY CENTRAL PARK, NY US","2015-11-18","5.14","0.00","0.0","0.0","58","46"
"USW00094728","NY CITY CENTRAL PARK, NY US","2015-11-19","5.59","1.25","0.0","0.0","64","57"
"USW00094728","NY CITY CENTRAL PARK, NY US","2015-11-20","5.82","0.00","0.0","0.0","64","46"
"USW00094728","NY CITY CENTRAL PARK, NY US","2015-11-21","6.49","0.00","0.0","0.0","53","42"
"USW00094728","NY CITY CENTRAL PARK, NY US","2015-11-22","6.26","0.03","0.0","0.0","55","42"
"USW00094728","NY CITY CENTRAL PARK, NY US","2015-11-23","5.82","0.00","0.0","0.0","44","33"
"USW00094728","NY CITY CENTRAL PARK, NY US","2015-11-24","3.80","0.00","0.0","0.0","46","32"
"USW00094728","NY CITY CENTRAL PARK, NY US","2015-11-25","2.68","0.00","0.0","0.0","50","36"
"USW00094728","NY CITY CENTRAL PARK, NY US","2015-11-26","2.91","0.00","0.0","0.0","60","41"
"USW00094728","NY CITY CENTRAL PARK, NY US","2015-11-27","3.80","0.00","0.0","0.0","64","51"
"USW00094728","NY CITY CENTRAL PARK, NY US","2015-11-28",,"0.02","0.0","0.0","64","45"
"USW00094728","NY CITY CENTRAL PARK, NY US","2015-11-29",,"0.00","0.0","0.0","49","38"
"USW00094728","NY CITY CENTRAL PARK, NY US","2015-11-30","5.59","0.00","0.0","0.0","47","33"
"USW00094728","NY CITY CENTRAL PARK, NY US","2015-12-01","6.71","0.33","0.0","0.0","51","44"
"USW00094728","NY CITY CENTRAL PARK, NY US","2015-12-02","2.91","0.14","0.0","0.0","57","46"
"USW00094728","NY CITY CENTRAL PARK, NY US","2015-12-03","8.50","0.00","0.0","0.0","55","44"
"USW00094728","NY CITY CENTRAL PARK, NY US","2015-12-04","4.25","0.00","0.0","0.0","51","42"
"USW00094728","NY CITY CENTRAL PARK, NY US","2015-12-05","2.24","0.00","0.0","0.0","51","40"
"USW00094728","NY CITY CENTRAL PARK, NY US","2015-12-06","3.36","0.00","0.0","0.0","53","39"
"USW00094728","NY CITY CENTRAL PARK, NY US","2015-12-07","3.80","0.00","0.0","0.0","54","42"
"USW00094728","NY CITY CENTRAL PARK, NY US","2015-12-08","4.47","0.00","0.0","0.0","49","41"
"USW00094728","NY CITY CENTRAL PARK, NY US","2015-12-09","4.25","0.00","0.0","0.0","55","40"
"USW00094728","NY CITY CENTRAL PARK, NY US","2015-12-10","4.25","0.00","0.0","0.0","60","51"
"USW00094728","NY CITY CENTRAL PARK, NY US","2015-12-11","4.70","0.00","0.0","0.0","61","50"
"USW00094728","NY CITY CENTRAL PARK, NY US","2015-12-12","2.01","0.00","0.0","0.0","66","55"
"USW00094728","NY CITY CENTRAL PARK, NY US","2015-12-13","3.36","0.00","0.0","0.0","67","55"
"USW00094728","NY CITY CENTRAL PARK, NY US","2015-12-14","4.70","0.33","0.0","0.0","67","53"
"USW00094728","NY CITY CENTRAL PARK, NY US","2015-12-15","10.51","0.09","0.0","0.0","68","53"
"USW00094728","NY CITY CENTRAL PARK, NY US","2015-12-16","5.37","0.04","0.0","0.0","53","46"
"USW00094728","NY CITY CENTRAL PARK, NY US","2015-12-17","4.92","1.21","0.0","0.0","59","50"
"USW00094728","NY CITY CENTRAL PARK, NY US","2015-12-18","6.71","0.00","0.0","0.0","57","38"
"USW00094728","NY CITY CENTRAL PARK, NY US","2015-12-19","9.40","0.00","0.0","0.0","40","35"
"USW00094728","NY CITY CENTRAL PARK, NY US","2015-12-20","6.04","0.00","0.0","0.0","43","34"
"USW00094728","NY CITY CENTRAL PARK, NY US","2015-12-21","7.16","0.00","0.0","0.0","56","39"
"USW00094728","NY CITY CENTRAL PARK, NY US","2015-12-22","4.92","0.19","0.0","0.0","62","53"
"USW00094728","NY CITY CENTRAL PARK, NY US","2015-12-23","3.58","1.55","0.0","0.0","64","52"
"USW00094728","NY CITY CENTRAL PARK, NY US","2015-12-24","4.47","0.01","0.0","0.0","72","63"
"USW00094728","NY CITY CENTRAL PARK, NY US","2015-12-25","0.89","0.01","0.0","0.0","66","57"
"USW00094728","NY CITY CENTRAL PARK, NY US","2015-12-26","8.05","0.00","0.0","0.0","59","47"
"USW00094728","NY CITY CENTRAL PARK, NY US","2015-12-27","5.82","0.12","0.0","0.0","61","46"
"USW00094728","NY CITY CENTRAL PARK, NY US","2015-12-28","8.28","0.03","0.0","0.0","46","34"
"USW00094728","NY CITY CENTRAL PARK, NY US","2015-12-29","6.93","0.45","0.0","0.0","46","34"
"USW00094728","NY CITY CENTRAL PARK, NY US","2015-12-30","4.03","0.19","0.0","0.0","48","38"
"USW00094728","NY CITY CENTRAL PARK, NY US","2015-12-31","5.37","0.03","0.0","0.0","48","42"
