NAME,DATE,AWND,PRCP,SNOW,SNWD,TMAX,TMIN
NY CITY CENTRAL PARK,2014-01-01,5.59,0,0,0,33,24
NY CITY CENTRAL PARK,2014-01-02,12.3,0.33,3.1,0,33,18
NY CITY CENTRAL PARK,2014-01-03,10.51,0.29,3.3,5.9,18,9
NY CITY CENTRAL PARK,2014-01-04,4.92,0,0,5.9,29,8
NY CITY CENTRAL PARK,2014-01-05,3.8,0.14,0,3.9,40,27
NY CITY CENTRAL PARK,2014-01-06,8.5,0.36,0,1.2,55,19
NY CITY CENTRAL PARK,2014-01-07,13.2,0,0,0,19,4
NY CITY CENTRAL PARK,2014-01-08,7.16,0,0,0,22,9
NY CITY CENTRAL PARK,2014-01-09,2.91,0,0,0,32,22
NY CITY CENTRAL PARK,2014-01-10,3.36,0.11,0,0,37,30
NY CITY CENTRAL PARK,2014-01-11,7.16,0.5,0,0,58,37
NY CITY CENTRAL PARK,2014-01-12,8.28,0.05,0,0,54,38
NY CITY CENTRAL PARK,2014-01-13,5.14,0,0,0,51,37
NY CITY CENTRAL PARK,2014-01-14,4.92,0.38,0,0,52,44
NY CITY CENTRAL PARK,2014-01-15,2.91,0,0,0,47,39
NY CITY CENTRAL PARK,2014-01-16,4.03,0,0,0,42,36
NY CITY CENTRAL PARK,2014-01-17,3.58,0,0,0,44,33
NY CITY CENTRAL PARK,2014-01-18,7.16,0.07,0,0,41,29
NY CITY CENTRAL PARK,2014-01-19,7.38,0,0,0,38,24
NY CITY CENTRAL PARK,2014-01-20,7.38,0,0,0,46,31
NY CITY CENTRAL PARK,2014-01-21,10.51,0.46,11,0,31,11
NY CITY CENTRAL PARK,2014-01-22,8.72,0.02,0.5,11,17,5
NY CITY CENTRAL PARK,2014-01-23,7.16,0,0,7.1,20,7
NY CITY CENTRAL PARK,2014-01-24,8.05,0,0,5.9,20,10
NY CITY CENTRAL PARK,2014-01-25,7.61,0.04,1,3.9,28,19
NY CITY CENTRAL PARK,2014-01-26,NA,0,0,3.9,34,17
NY CITY CENTRAL PARK,2014-01-27,7.83,0,0,3.1,44,21
NY CITY CENTRAL PARK,2014-01-28,6.04,0,0,1.2,21,12
NY CITY CENTRAL PARK,2014-01-29,6.49,0.04,0.8,2,23,14
NY CITY CENTRAL PARK,2014-01-30,3.8,0,0,1,30,16
NY CITY CENTRAL PARK,2014-01-31,4.92,0,0,1.2,39,25
NY CITY CENTRAL PARK,2014-02-01,3.58,0,0,1.2,45,36
NY CITY CENTRAL PARK,2014-02-02,3.13,0,0,1.2,56,39
NY CITY CENTRAL PARK,2014-02-03,6.71,1.17,8,1.2,43,27
NY CITY CENTRAL PARK,2014-02-04,2.24,0,0,7.9,35,22
NY CITY CENTRAL PARK,2014-02-05,7.16,1.43,4,9.1,34,29
NY CITY CENTRAL PARK,2014-02-06,4.03,0,0,9.1,32,21
NY CITY CENTRAL PARK,2014-02-07,6.71,0,0,9.1,32,24
NY CITY CENTRAL PARK,2014-02-08,4.92,0,0,9.1,29,21
NY CITY CENTRAL PARK,2014-02-09,3.58,0.1,1.2,7.9,31,21
NY CITY CENTRAL PARK,2014-02-10,7.16,0,0,9.8,29,21
NY CITY CENTRAL PARK,2014-02-11,5.37,0,0,9.8,26,16
NY CITY CENTRAL PARK,2014-02-12,5.82,0,0,9.8,25,13
NY CITY CENTRAL PARK,2014-02-13,12.53,1.78,9.5,11.8,36,24
NY CITY CENTRAL PARK,2014-02-14,10.51,0.3,3,18.1,40,31
NY CITY CENTRAL PARK,2014-02-15,9.4,0.13,1.6,18.1,37,27
NY CITY CENTRAL PARK,2014-02-16,8.95,0,0,18.1,30,21
NY CITY CENTRAL PARK,2014-02-17,5.37,0,0,16.9,32,18
NY CITY CENTRAL PARK,2014-02-18,5.14,0.16,1.5,18.1,39,26
NY CITY CENTRAL PARK,2014-02-19,5.14,0.26,0,16.9,45,34
NY CITY CENTRAL PARK,2014-02-20,4.92,0.03,0,15,51,37
NY CITY CENTRAL PARK,2014-02-21,7.38,0.09,0,13,49,36
NY CITY CENTRAL PARK,2014-02-22,7.16,0,0,9.8,54,40
NY CITY CENTRAL PARK,2014-02-23,5.37,0,0,9.1,54,43
NY CITY CENTRAL PARK,2014-02-24,9.4,0,0,5.9,44,27
NY CITY CENTRAL PARK,2014-02-25,6.93,0,0,5.9,33,24
NY CITY CENTRAL PARK,2014-02-26,5.37,0.03,0.2,5.9,31,20
NY CITY CENTRAL PARK,2014-02-27,8.5,0,0,5.9,34,14
NY CITY CENTRAL PARK,2014-02-28,4.7,0,0,5.9,24,9
NY CITY CENTRAL PARK,2014-03-01,4.47,0,0,5.9,37,20
NY CITY CENTRAL PARK,2014-03-02,3.8,0,0,5.1,40,32
NY CITY CENTRAL PARK,2014-03-03,6.71,0.04,0.1,5.1,32,17
NY CITY CENTRAL PARK,2014-03-04,4.7,0,0,5.1,29,13
NY CITY CENTRAL PARK,2014-03-05,5.14,0,0,3.9,39,26
NY CITY CENTRAL PARK,2014-03-06,8.5,0,0,3.9,31,16
NY CITY CENTRAL PARK,2014-03-07,7.83,0,0,3.9,37,26
NY CITY CENTRAL PARK,2014-03-08,5.82,0,0,3.1,57,35
NY CITY CENTRAL PARK,2014-03-09,6.26,0,0,2,44,36
NY CITY CENTRAL PARK,2014-03-10,5.37,0,0,1.2,51,36
NY CITY CENTRAL PARK,2014-03-11,4.7,0,0,0,66,45
NY CITY CENTRAL PARK,2014-03-12,5.37,0.35,0,0,56,32
NY CITY CENTRAL PARK,2014-03-13,14.09,0,0,0,32,18
NY CITY CENTRAL PARK,2014-03-14,5.59,0,0,0,46,22
NY CITY CENTRAL PARK,2014-03-15,8.95,0,0,0,58,42
NY CITY CENTRAL PARK,2014-03-16,7.61,0,0,0,42,30
NY CITY CENTRAL PARK,2014-03-17,8.05,0,0,0,35,23
NY CITY CENTRAL PARK,2014-03-18,6.93,0,0,0,43,28
NY CITY CENTRAL PARK,2014-03-19,7.16,0.92,0,0,46,32
NY CITY CENTRAL PARK,2014-03-20,8.05,0,0,0,54,40
NY CITY CENTRAL PARK,2014-03-21,7.61,0,0,0,51,39
NY CITY CENTRAL PARK,2014-03-22,6.93,0,0,0,63,41
NY CITY CENTRAL PARK,2014-03-23,7.38,0,0,0,42,27
NY CITY CENTRAL PARK,2014-03-24,6.71,0,0,0,35,21
NY CITY CENTRAL PARK,2014-03-25,5.82,0,0,0,39,26
NY CITY CENTRAL PARK,2014-03-26,11.86,0,0,0,36,24
NY CITY CENTRAL PARK,2014-03-27,6.71,0,0,0,44,22
NY CITY CENTRAL PARK,2014-03-28,5.37,0.04,0,0,62,37
NY CITY CENTRAL PARK,2014-03-29,10.74,1.81,0,0,59,43
NY CITY CENTRAL PARK,2014-03-30,10.07,0.35,0,0,49,39
NY CITY CENTRAL PARK,2014-03-31,8.28,0.16,0,0,56,36
NY CITY CENTRAL PARK,2014-04-01,4.7,0,0,0,60,39
NY CITY CENTRAL PARK,2014-04-02,2.01,0,0,0,54,42
NY CITY CENTRAL PARK,2014-04-03,3.8,0.07,0,0,67,46
NY CITY CENTRAL PARK,2014-04-04,8.5,0.21,0,0,47,40
NY CITY CENTRAL PARK,2014-04-05,8.5,0,0,0,54,40
NY CITY CENTRAL PARK,2014-04-06,4.25,0,0,0,61,36
NY CITY CENTRAL PARK,2014-04-07,6.04,0.52,0,0,53,43
NY CITY CENTRAL PARK,2014-04-08,6.93,0.34,0,0,64,46
NY CITY CENTRAL PARK,2014-04-09,6.93,0,0,0,61,45
NY CITY CENTRAL PARK,2014-04-10,6.93,0,0,0,58,42
NY CITY CENTRAL PARK,2014-04-11,5.82,0,0,0,75,56
NY CITY CENTRAL PARK,2014-04-12,4.25,0,0,0,73,50
NY CITY CENTRAL PARK,2014-04-13,5.82,0,0,0,77,54
NY CITY CENTRAL PARK,2014-04-14,7.38,0,0,0,75,59
NY CITY CENTRAL PARK,2014-04-15,8.72,0.71,0,0,63,33
NY CITY CENTRAL PARK,2014-04-16,7.61,0.05,0,0,49,31
NY CITY CENTRAL PARK,2014-04-17,7.83,0,0,0,48,36
NY CITY CENTRAL PARK,2014-04-18,5.37,0,0,0,49,35
NY CITY CENTRAL PARK,2014-04-19,5.59,0,0,0,68,41
NY CITY CENTRAL PARK,2014-04-20,6.26,0,0,0,60,45
NY CITY CENTRAL PARK,2014-04-21,4.25,0,0,0,67,41
NY CITY CENTRAL PARK,2014-04-22,5.59,0.01,0,0,71,51
NY CITY CENTRAL PARK,2014-04-23,9.4,0,0,0,61,44
NY CITY CENTRAL PARK,2014-04-24,8.5,0,0,0,62,42
NY CITY CENTRAL PARK,2014-04-25,4.92,0.02,0,0,63,44
NY CITY CENTRAL PARK,2014-04-26,5.37,0.92,0,0,67,46
NY CITY CENTRAL PARK,2014-04-27,5.82,0,0,0,59,47
NY CITY CENTRAL PARK,2014-04-28,4.25,0,0,0,67,45
NY CITY CENTRAL PARK,2014-04-29,8.95,0.03,0,0,52,43
NY CITY CENTRAL PARK,2014-04-30,8.28,4.97,0,0,52,41
NY CITY CENTRAL PARK,2014-05-01,4.47,0.12,0,0,78,51
NY CITY CENTRAL PARK,2014-05-02,4.47,0,0,0,70,56
NY CITY CENTRAL PARK,2014-05-03,3.36,0.08,0,0,71,54
NY CITY CENTRAL PARK,2014-05-04,8.28,0.02,0,0,65,54
NY CITY CENTRAL PARK,2014-05-05,7.38,0,0,0,70,50
NY CITY CENTRAL PARK,2014-05-06,3.8,0,0,0,71,52
NY CITY CENTRAL PARK,2014-05-07,4.03,0,0,0,69,50
NY CITY CENTRAL PARK,2014-05-08,4.47,0.41,0,0,59,53
NY CITY CENTRAL PARK,2014-05-09,3.13,0.04,0,0,63,55
NY CITY CENTRAL PARK,2014-05-10,4.47,0.37,0,0,83,57
NY CITY CENTRAL PARK,2014-05-11,3.13,0.03,0,0,82,60
NY CITY CENTRAL PARK,2014-05-12,1.79,0,0,0,85,64
NY CITY CENTRAL PARK,2014-05-13,7.16,0,0,0,73,53
NY CITY CENTRAL PARK,2014-05-14,4.7,0.01,0,0,71,52
NY CITY CENTRAL PARK,2014-05-15,5.37,0.15,0,0,71,58
NY CITY CENTRAL PARK,2014-05-16,6.49,1.54,0,0,68,58
NY CITY CENTRAL PARK,2014-05-17,4.92,0,0,0,70,53
NY CITY CENTRAL PARK,2014-05-18,5.82,0,0,0,67,51
NY CITY CENTRAL PARK,2014-05-19,4.7,0,0,0,72,49
NY CITY CENTRAL PARK,2014-05-20,3.13,0,0,0,78,53
NY CITY CENTRAL PARK,2014-05-21,2.46,0,0,0,74,63
NY CITY CENTRAL PARK,2014-05-22,3.13,0.24,0,0,67,59
NY CITY CENTRAL PARK,2014-05-23,4.25,0.91,0,0,71,56
NY CITY CENTRAL PARK,2014-05-24,3.58,0.4,0,0,70,57
NY CITY CENTRAL PARK,2014-05-25,2.01,0,0,0,80,55
NY CITY CENTRAL PARK,2014-05-26,4.92,0,0,0,86,66
NY CITY CENTRAL PARK,2014-05-27,4.25,0,0,0,86,64
NY CITY CENTRAL PARK,2014-05-28,7.61,0,0,0,64,54
NY CITY CENTRAL PARK,2014-05-29,4.25,0,0,0,66,51
NY CITY CENTRAL PARK,2014-05-30,2.46,0,0,0,75,55
NY CITY CENTRAL PARK,2014-05-31,5.82,0.05,0,0,73,57
NY CITY CENTRAL PARK,2014-06-01,3.58,0,0,0,77,55
NY CITY CENTRAL PARK,2014-06-02,4.47,0,0,0,80,59
NY CITY CENTRAL PARK,2014-06-03,4.03,0.12,0,0,87,65
NY CITY CENTRAL PARK,2014-06-04,3.58,0,0,0,82,63
NY CITY CENTRAL PARK,2014-06-05,5.59,0.87,0,0,76,61
NY CITY CENTRAL PARK,2014-06-06,4.47,0,0,0,76,61
NY CITY CENTRAL PARK,2014-06-07,2.91,0,0,0,82,60
NY CITY CENTRAL PARK,2014-06-08,2.91,0,0,0,86,66
NY CITY CENTRAL PARK,2014-06-09,4.25,1.6,0,0,73,63
NY CITY CENTRAL PARK,2014-06-10,3.36,0,0,0,77,65
NY CITY CENTRAL PARK,2014-06-11,7.16,0.02,0,0,70,61
NY CITY CENTRAL PARK,2014-06-12,5.59,0.07,0,0,73,60
NY CITY CENTRAL PARK,2014-06-13,3.58,1.28,0,0,79,65
NY CITY CENTRAL PARK,2014-06-14,4.7,0,0,0,74,60
NY CITY CENTRAL PARK,2014-06-15,4.25,0,0,0,80,59
NY CITY CENTRAL PARK,2014-06-16,2.91,0,0,0,81,63
NY CITY CENTRAL PARK,2014-06-17,4.03,0,0,0,89,71
NY CITY CENTRAL PARK,2014-06-18,5.82,0,0,0,89,76
NY CITY CENTRAL PARK,2014-06-19,3.8,0.15,0,0,77,68
NY CITY CENTRAL PARK,2014-06-20,4.47,0,0,0,79,64
NY CITY CENTRAL PARK,2014-06-21,4.92,0,0,0,78,62
NY CITY CENTRAL PARK,2014-06-22,2.01,0,0,0,79,64
NY CITY CENTRAL PARK,2014-06-23,2.68,0,0,0,81,65
NY CITY CENTRAL PARK,2014-06-24,4.92,0,0,0,81,68
NY CITY CENTRAL PARK,2014-06-25,4.92,0.08,0,0,85,70
NY CITY CENTRAL PARK,2014-06-26,4.7,0.07,0,0,85,70
NY CITY CENTRAL PARK,2014-06-27,2.91,0,0,0,83,67
NY CITY CENTRAL PARK,2014-06-28,2.91,0,0,0,87,66
NY CITY CENTRAL PARK,2014-06-29,2.68,0,0,0,83,68
NY CITY CENTRAL PARK,2014-06-30,2.68,0,0,0,84,69
NY CITY CENTRAL PARK,2014-07-01,5.14,0,0,0,89,72
NY CITY CENTRAL PARK,2014-07-02,3.8,0.96,0,0,91,72
NY CITY CENTRAL PARK,2014-07-03,2.91,1.78,0,0,87,69
NY CITY CENTRAL PARK,2014-07-04,5.37,0.14,0,0,74,65
NY CITY CENTRAL PARK,2014-07-05,6.71,0,0,0,81,63
NY CITY CENTRAL PARK,2014-07-06,4.92,0,0,0,84,66
NY CITY CENTRAL PARK,2014-07-07,5.82,0.04,0,0,90,72
NY CITY CENTRAL PARK,2014-07-08,4.7,0.39,0,0,91,71
NY CITY CENTRAL PARK,2014-07-09,4.25,0.09,0,0,88,71
NY CITY CENTRAL PARK,2014-07-10,2.91,0,0,0,83,72
NY CITY CENTRAL PARK,2014-07-11,4.03,0,0,0,86,71
NY CITY CENTRAL PARK,2014-07-12,3.36,0,0,0,85,71
NY CITY CENTRAL PARK,2014-07-13,5.14,0.03,0,0,83,72
NY CITY CENTRAL PARK,2014-07-14,4.47,0.46,0,0,84,72
NY CITY CENTRAL PARK,2014-07-15,2.68,1.3,0,0,86,72
NY CITY CENTRAL PARK,2014-07-16,3.8,0,0,0,81,68
NY CITY CENTRAL PARK,2014-07-17,4.03,0,0,0,81,67
NY CITY CENTRAL PARK,2014-07-18,4.03,0,0,0,81,64
NY CITY CENTRAL PARK,2014-07-19,5.14,0,0,0,76,68
NY CITY CENTRAL PARK,2014-07-20,4.03,0,0,0,80,66
NY CITY CENTRAL PARK,2014-07-21,2.01,0,0,0,85,67
NY CITY CENTRAL PARK,2014-07-22,3.8,0,0,0,86,71
NY CITY CENTRAL PARK,2014-07-23,4.92,0.19,0,0,88,72
NY CITY CENTRAL PARK,2014-07-24,4.92,0,0,0,80,70
NY CITY CENTRAL PARK,2014-07-25,4.25,0,0,0,82,66
NY CITY CENTRAL PARK,2014-07-26,4.25,0,0,0,81,69
NY CITY CENTRAL PARK,2014-07-27,3.36,0.02,0,0,85,71
NY CITY CENTRAL PARK,2014-07-28,7.38,0.19,0,0,82,68
NY CITY CENTRAL PARK,2014-07-29,4.92,0,0,0,76,64
NY CITY CENTRAL PARK,2014-07-30,2.91,0,0,0,80,63
NY CITY CENTRAL PARK,2014-07-31,3.36,0,0,0,82,68
NY CITY CENTRAL PARK,2014-08-01,3.8,0,0,0,84,71
NY CITY CENTRAL PARK,2014-08-02,6.04,0.41,0,0,74,63
NY CITY CENTRAL PARK,2014-08-03,2.24,0.07,0,0,76,66
NY CITY CENTRAL PARK,2014-08-04,3.36,0,0,0,84,70
NY CITY CENTRAL PARK,2014-08-05,2.46,0,0,0,90,71
NY CITY CENTRAL PARK,2014-08-06,2.91,0,0,0,83,70
NY CITY CENTRAL PARK,2014-08-07,4.25,0,0,0,83,66
NY CITY CENTRAL PARK,2014-08-08,3.13,0,0,0,83,65
NY CITY CENTRAL PARK,2014-08-09,2.91,0,0,0,87,66
NY CITY CENTRAL PARK,2014-08-10,2.91,0,0,0,88,68
NY CITY CENTRAL PARK,2014-08-11,3.13,0,0,0,87,71
NY CITY CENTRAL PARK,2014-08-12,5.82,0.19,0,0,79,70
NY CITY CENTRAL PARK,2014-08-13,5.59,0.53,0,0,82,68
NY CITY CENTRAL PARK,2014-08-14,4.7,0,0,0,77,63
NY CITY CENTRAL PARK,2014-08-15,5.37,0,0,0,73,61
NY CITY CENTRAL PARK,2014-08-16,4.03,0,0,0,78,63
NY CITY CENTRAL PARK,2014-08-17,3.58,0.01,0,0,82,66
NY CITY CENTRAL PARK,2014-08-18,4.47,0,0,0,81,63
NY CITY CENTRAL PARK,2014-08-19,3.8,0,0,0,83,63
NY CITY CENTRAL PARK,2014-08-20,2.24,0,0,0,84,70
NY CITY CENTRAL PARK,2014-08-21,3.58,0.35,0,0,83,65
NY CITY CENTRAL PARK,2014-08-22,4.7,0.06,0,0,79,65
NY CITY CENTRAL PARK,2014-08-23,4.7,0.01,0,0,77,67
NY CITY CENTRAL PARK,2014-08-24,3.13,0,0,0,80,64
NY CITY CENTRAL PARK,2014-08-25,2.68,0,0,0,88,64
NY CITY CENTRAL PARK,2014-08-26,2.24,0,0,0,89,70
NY CITY CENTRAL PARK,2014-08-27,3.36,0,0,0,90,70
NY CITY CENTRAL PARK,2014-08-28,5.37,0,0,0,82,66
NY CITY CENTRAL PARK,2014-08-29,3.36,0,0,0,80,61
NY CITY CENTRAL PARK,2014-08-30,2.24,0,0,0,80,65
NY CITY CENTRAL PARK,2014-08-31,3.36,0.62,0,0,90,73
NY CITY CENTRAL PARK,2014-09-01,2.91,0,0,0,88,75
NY CITY CENTRAL PARK,2014-09-02,5.37,0,0,0,92,77
NY CITY CENTRAL PARK,2014-09-03,3.36,0,0,0,86,72
NY CITY CENTRAL PARK,2014-09-04,2.68,0,0,0,87,69
NY CITY CENTRAL PARK,2014-09-05,2.91,0,0,0,87,72
NY CITY CENTRAL PARK,2014-09-06,4.7,0.11,0,0,91,67
NY CITY CENTRAL PARK,2014-09-07,4.7,0,0,0,81,65
NY CITY CENTRAL PARK,2014-09-08,7.61,0,0,0,75,65
NY CITY CENTRAL PARK,2014-09-09,7.83,0,0,0,73,63
NY CITY CENTRAL PARK,2014-09-10,5.82,0,0,0,80,63
NY CITY CENTRAL PARK,2014-09-11,4.7,0,0,0,83,69
NY CITY CENTRAL PARK,2014-09-12,5.14,0,0,0,78,62
NY CITY CENTRAL PARK,2014-09-13,5.14,0.26,0,0,69,58
NY CITY CENTRAL PARK,2014-09-14,3.13,0,0,0,71,53
NY CITY CENTRAL PARK,2014-09-15,2.91,0,0,0,71,55
NY CITY CENTRAL PARK,2014-09-16,2.24,0.37,0,0,70,58
NY CITY CENTRAL PARK,2014-09-17,2.68,0,0,0,73,55
NY CITY CENTRAL PARK,2014-09-18,2.68,0,0,0,76,57
NY CITY CENTRAL PARK,2014-09-19,7.61,0,0,0,66,54
NY CITY CENTRAL PARK,2014-09-20,2.91,0,0,0,75,57
NY CITY CENTRAL PARK,2014-09-21,1.57,0.15,0,0,75,67
NY CITY CENTRAL PARK,2014-09-22,6.71,0,0,0,71,55
NY CITY CENTRAL PARK,2014-09-23,1.79,0,0,0,71,52
NY CITY CENTRAL PARK,2014-09-24,5.59,0,0,0,71,58
NY CITY CENTRAL PARK,2014-09-25,8.28,0.32,0,0,64,57
NY CITY CENTRAL PARK,2014-09-26,4.25,0,0,0,77,58
NY CITY CENTRAL PARK,2014-09-27,2.46,0,0,0,83,60
NY CITY CENTRAL PARK,2014-09-28,1.79,0,0,0,84,64
NY CITY CENTRAL PARK,2014-09-29,0.67,0,0,0,79,67
NY CITY CENTRAL PARK,2014-09-30,4.7,0,0,0,71,62
NY CITY CENTRAL PARK,2014-10-01,6.04,0.02,0,0,65,61
NY CITY CENTRAL PARK,2014-10-02,4.7,0,0,0,70,61
NY CITY CENTRAL PARK,2014-10-03,4.25,0,0,0,71,56
NY CITY CENTRAL PARK,2014-10-04,6.71,1.18,0,0,69,52
NY CITY CENTRAL PARK,2014-10-05,5.59,0,0,0,61,46
NY CITY CENTRAL PARK,2014-10-06,3.8,0,0,0,69,50
NY CITY CENTRAL PARK,2014-10-07,4.7,0.06,0,0,71,63
NY CITY CENTRAL PARK,2014-10-08,7.16,0.04,0,0,73,62
NY CITY CENTRAL PARK,2014-10-09,5.59,0,0,0,68,55
NY CITY CENTRAL PARK,2014-10-10,2.24,0,0,0,64,52
NY CITY CENTRAL PARK,2014-10-11,4.47,0.33,0,0,60,50
NY CITY CENTRAL PARK,2014-10-12,2.68,0,0,0,63,48
NY CITY CENTRAL PARK,2014-10-13,2.68,0.05,0,0,65,52
NY CITY CENTRAL PARK,2014-10-14,4.7,0,0,0,76,63
NY CITY CENTRAL PARK,2014-10-15,5.14,0.69,0,0,77,69
NY CITY CENTRAL PARK,2014-10-16,4.03,1.11,0,0,71,61
NY CITY CENTRAL PARK,2014-10-17,4.47,0,0,0,71,59
NY CITY CENTRAL PARK,2014-10-18,6.26,0,0,0,70,56
NY CITY CENTRAL PARK,2014-10-19,7.61,0,0,0,56,44
NY CITY CENTRAL PARK,2014-10-20,3.8,0,0,0,60,42
NY CITY CENTRAL PARK,2014-10-21,3.58,0.11,0,0,67,55
NY CITY CENTRAL PARK,2014-10-22,9.4,1.51,0,0,58,50
NY CITY CENTRAL PARK,2014-10-23,7.61,0.61,0,0,53,50
NY CITY CENTRAL PARK,2014-10-24,4.47,0,0,0,63,51
NY CITY CENTRAL PARK,2014-10-25,5.82,0.01,0,0,67,50
NY CITY CENTRAL PARK,2014-10-26,7.83,0,0,0,63,53
NY CITY CENTRAL PARK,2014-10-27,5.14,0,0,0,63,48
NY CITY CENTRAL PARK,2014-10-28,2.91,0,0,0,72,53
NY CITY CENTRAL PARK,2014-10-29,4.92,0,0,0,72,51
NY CITY CENTRAL PARK,2014-10-30,3.58,0,0,0,59,47
NY CITY CENTRAL PARK,2014-10-31,6.49,0.05,0,0,55,45
NY CITY CENTRAL PARK,2014-11-01,8.95,0.35,0,0,47,42
NY CITY CENTRAL PARK,2014-11-02,10.74,0,0,0,48,41
NY CITY CENTRAL PARK,2014-11-03,5.82,0,0,0,61,39
NY CITY CENTRAL PARK,2014-11-04,4.7,0,0,0,68,53
NY CITY CENTRAL PARK,2014-11-05,4.47,0,0,0,64,56
NY CITY CENTRAL PARK,2014-11-06,3.13,0.37,0,0,57,48
NY CITY CENTRAL PARK,2014-11-07,7.38,0,0,0,53,40
NY CITY CENTRAL PARK,2014-11-08,6.04,0,0,0,48,36
NY CITY CENTRAL PARK,2014-11-09,2.68,0,0,0,57,46
NY CITY CENTRAL PARK,2014-11-10,2.46,0,0,0,61,44
NY CITY CENTRAL PARK,2014-11-11,3.36,0,0,0,64,49
NY CITY CENTRAL PARK,2014-11-12,2.68,0,0,0,65,47
NY CITY CENTRAL PARK,2014-11-13,3.58,0.2,0,0,48,36
NY CITY CENTRAL PARK,2014-11-14,7.16,0.06,0,0,42,35
NY CITY CENTRAL PARK,2014-11-15,3.58,0,0,0,42,33
NY CITY CENTRAL PARK,2014-11-16,3.8,0.03,0,0,45,35
NY CITY CENTRAL PARK,2014-11-17,3.8,1.54,0,0,52,40
NY CITY CENTRAL PARK,2014-11-18,10.07,0,0,0,45,24
NY CITY CENTRAL PARK,2014-11-19,7.16,0,0,0,36,22
NY CITY CENTRAL PARK,2014-11-20,7.16,0,0,0,45,31
NY CITY CENTRAL PARK,2014-11-21,7.61,0,0,0,37,28
NY CITY CENTRAL PARK,2014-11-22,4.92,0,0,0,44,28
NY CITY CENTRAL PARK,2014-11-23,3.8,0,0,0,57,43
NY CITY CENTRAL PARK,2014-11-24,5.37,0.7,0,0,69,53
NY CITY CENTRAL PARK,2014-11-25,5.14,0,0,0,68,51
NY CITY CENTRAL PARK,2014-11-26,8.72,1.24,0.2,0,51,34
NY CITY CENTRAL PARK,2014-11-27,5.14,0.02,0,0,38,34
NY CITY CENTRAL PARK,2014-11-28,5.82,0,0,0,37,29
NY CITY CENTRAL PARK,2014-11-29,3.58,0,0,0,45,27
NY CITY CENTRAL PARK,2014-11-30,4.25,0,0,0,55,45
NY CITY CENTRAL PARK,2014-12-01,6.71,0.09,0,0,65,42
NY CITY CENTRAL PARK,2014-12-02,9.17,0.08,0,0,43,35
NY CITY CENTRAL PARK,2014-12-03,7.61,0.06,0,0,46,41
NY CITY CENTRAL PARK,2014-12-04,5.82,0,0,0,45,37
NY CITY CENTRAL PARK,2014-12-05,6.04,0.51,0,0,44,34
NY CITY CENTRAL PARK,2014-12-06,4.03,1.22,0,0,50,39
NY CITY CENTRAL PARK,2014-12-07,11.86,0.04,0,0,42,30
NY CITY CENTRAL PARK,2014-12-08,11.41,0,0,0,37,24
NY CITY CENTRAL PARK,2014-12-09,10.29,2.54,0,0,42,36
NY CITY CENTRAL PARK,2014-12-10,8.28,0.08,1,0,40,32
NY CITY CENTRAL PARK,2014-12-11,7.61,0.01,0,1.2,38,31
NY CITY CENTRAL PARK,2014-12-12,8.05,0,0,0,38,32
NY CITY CENTRAL PARK,2014-12-13,8.95,0,0,0,44,34
NY CITY CENTRAL PARK,2014-12-14,6.04,0,0,0,46,38
NY CITY CENTRAL PARK,2014-12-15,2.68,0,0,0,48,37
NY CITY CENTRAL PARK,2014-12-16,3.8,0.2,0,0,49,38
NY CITY CENTRAL PARK,2014-12-17,5.82,0.02,0,0,54,42
NY CITY CENTRAL PARK,2014-12-18,8.72,0,0,0,42,37
NY CITY CENTRAL PARK,2014-12-19,7.16,0,0,0,38,31
NY CITY CENTRAL PARK,2014-12-20,4.92,0,0,0,33,30
NY CITY CENTRAL PARK,2014-12-21,4.92,0,0,0,36,31
NY CITY CENTRAL PARK,2014-12-22,6.04,0.04,0,0,44,35
NY CITY CENTRAL PARK,2014-12-23,8.28,0.16,0,0,46,43
NY CITY CENTRAL PARK,2014-12-24,5.82,0.8,0,0,58,44
NY CITY CENTRAL PARK,2014-12-25,9.62,0.09,0,0,62,44
NY CITY CENTRAL PARK,2014-12-26,5.82,0,0,0,50,40
NY CITY CENTRAL PARK,2014-12-27,4.47,0,0,0,55,44
NY CITY CENTRAL PARK,2014-12-28,5.82,0.1,0,0,54,43
NY CITY CENTRAL PARK,2014-12-29,5.14,0,0,0,44,34
NY CITY CENTRAL PARK,2014-12-30,4.25,0,0,0,34,28
NY CITY CENTRAL PARK,2014-12-31,5.59,0,0,0,32,27
NY CITY CENTRAL PARK,2015-01-01,7.16,0,0,0,39,27
NY CITY CENTRAL PARK,2015-01-02,7.16,0,0,0,42,35
NY CITY CENTRAL PARK,2015-01-03,6.49,0.71,0,0,42,33
NY CITY CENTRAL PARK,2015-01-04,6.49,0.3,0,0,56,41
NY CITY CENTRAL PARK,2015-01-05,10.51,0,0,0,49,21
NY CITY CENTRAL PARK,2015-01-06,4.03,0.05,1,0,22,19
NY CITY CENTRAL PARK,2015-01-07,12.75,0,0,1.2,23,9
NY CITY CENTRAL PARK,2015-01-08,8.72,0,0,0,21,8
NY CITY CENTRAL PARK,2015-01-09,8.72,0.07,1.5,0,33,19
NY CITY CENTRAL PARK,2015-01-10,8.05,0,0,1.2,23,16
NY CITY CENTRAL PARK,2015-01-11,6.04,0,0,1.2,37,18
NY CITY CENTRAL PARK,2015-01-12,3.8,0.36,0,0,39,35
NY CITY CENTRAL PARK,2015-01-13,8.5,0,0,0,36,17
NY CITY CENTRAL PARK,2015-01-14,6.26,0,0,0,32,16
NY CITY CENTRAL PARK,2015-01-15,4.7,0,0,0,35,25
NY CITY CENTRAL PARK,2015-01-16,9.84,0,0,0,43,20
NY CITY CENTRAL PARK,2015-01-17,6.04,0,0,0,32,17
NY CITY CENTRAL PARK,2015-01-18,3.8,2.1,0,0,42,31
NY CITY CENTRAL PARK,2015-01-19,7.61,0,0,0,42,36
NY CITY CENTRAL PARK,2015-01-20,5.82,0,0,0,40,32
NY CITY CENTRAL PARK,2015-01-21,4.25,0,0,0,36,25
NY CITY CENTRAL PARK,2015-01-22,5.59,0,0,0,40,31
NY CITY CENTRAL PARK,2015-01-23,5.59,0,0,0,39,28
NY CITY CENTRAL PARK,2015-01-24,6.04,0.72,3.6,3.1,39,33
NY CITY CENTRAL PARK,2015-01-25,6.26,0,0,2,42,31
NY CITY CENTRAL PARK,2015-01-26,12.75,0.48,5.5,2,31,22
NY CITY CENTRAL PARK,2015-01-27,8.28,0.36,4.3,7.9,30,20
NY CITY CENTRAL PARK,2015-01-28,7.61,0,0,7.9,34,16
NY CITY CENTRAL PARK,2015-01-29,3.8,0.02,0,5.9,36,19
NY CITY CENTRAL PARK,2015-01-30,10.51,0.06,1,7.1,38,19
NY CITY CENTRAL PARK,2015-01-31,12.3,0,0,7.1,26,13
NY CITY CENTRAL PARK,2015-02-01,3.8,0.03,0.3,5.9,36,20
NY CITY CENTRAL PARK,2015-02-02,9.84,1.02,5,7.1,34,14
NY CITY CENTRAL PARK,2015-02-03,7.16,0,0,7.9,26,13
NY CITY CENTRAL PARK,2015-02-04,4.25,0,0,7.9,43,24
NY CITY CENTRAL PARK,2015-02-05,8.5,0,0,7.9,42,14
NY CITY CENTRAL PARK,2015-02-06,7.16,0,0,7.9,27,12
NY CITY CENTRAL PARK,2015-02-07,3.8,0.02,0,7.9,40,25
NY CITY CENTRAL PARK,2015-02-08,8.5,0,0,7.9,37,29
NY CITY CENTRAL PARK,2015-02-09,10.96,0.09,0,7.9,29,25
NY CITY CENTRAL PARK,2015-02-10,10.51,0.01,0.1,7.9,40,26
NY CITY CENTRAL PARK,2015-02-11,6.49,0,0,7.9,34,22
NY CITY CENTRAL PARK,2015-02-12,7.38,0,0,7.9,40,16
NY CITY CENTRAL PARK,2015-02-13,9.17,0,0,7.9,21,8
NY CITY CENTRAL PARK,2015-02-14,5.37,0.02,0.9,7.9,32,16
NY CITY CENTRAL PARK,2015-02-15,14.54,0,0,9.1,25,4
NY CITY CENTRAL PARK,2015-02-16,6.93,0,0,9.1,21,3
NY CITY CENTRAL PARK,2015-02-17,4.7,0.14,3.3,11.8,27,14
NY CITY CENTRAL PARK,2015-02-18,4.25,0,0,9.1,33,19
NY CITY CENTRAL PARK,2015-02-19,11.41,0,0,9.1,27,8
NY CITY CENTRAL PARK,2015-02-20,10.29,0,0,9.1,19,2
NY CITY CENTRAL PARK,2015-02-21,4.47,0.61,3,9.1,32,13
NY CITY CENTRAL PARK,2015-02-22,2.91,0.1,1,13,43,32
NY CITY CENTRAL PARK,2015-02-23,11.18,0,0,11.8,38,8
NY CITY CENTRAL PARK,2015-02-24,5.82,0,0,11.8,24,4
NY CITY CENTRAL PARK,2015-02-25,6.49,0,0,11.8,37,20
NY CITY CENTRAL PARK,2015-02-26,7.16,0,0,11,32,21
NY CITY CENTRAL PARK,2015-02-27,6.04,0,0,11,30,18
NY CITY CENTRAL PARK,2015-02-28,3.58,0,0,11,29,13
NY CITY CENTRAL PARK,2015-03-01,2.24,0.52,4.8,9.8,31,24
NY CITY CENTRAL PARK,2015-03-02,8.05,0,0,15,39,27
NY CITY CENTRAL PARK,2015-03-03,4.92,0.67,1.8,14.2,37,22
NY CITY CENTRAL PARK,2015-03-04,6.04,0.25,0,13,45,35
NY CITY CENTRAL PARK,2015-03-05,5.82,0.76,7.5,13,40,19
NY CITY CENTRAL PARK,2015-03-06,6.26,0,0,18.9,27,12
NY CITY CENTRAL PARK,2015-03-07,5.14,0,0,18.1,38,18
NY CITY CENTRAL PARK,2015-03-08,5.14,0,0,16.1,49,37
NY CITY CENTRAL PARK,2015-03-09,4.7,0.01,0,13,54,40
NY CITY CENTRAL PARK,2015-03-10,3.58,0.46,0,11,53,39
NY CITY CENTRAL PARK,2015-03-11,6.93,0.01,0,5.9,59,44
NY CITY CENTRAL PARK,2015-03-12,8.28,0,0,3.9,47,36
NY CITY CENTRAL PARK,2015-03-13,6.49,0,0,2,43,31
NY CITY CENTRAL PARK,2015-03-14,5.59,0.81,0,1.2,51,40
NY CITY CENTRAL PARK,2015-03-15,11.41,0,0,0,44,36
NY CITY CENTRAL PARK,2015-03-16,3.8,0,0,0,52,35
NY CITY CENTRAL PARK,2015-03-17,9.62,0.02,0,0,57,34
NY CITY CENTRAL PARK,2015-03-18,9.62,0,0,0,39,29
NY CITY CENTRAL PARK,2015-03-19,5.82,0,0,0,43,29
NY CITY CENTRAL PARK,2015-03-20,7.83,0.4,4.5,0,38,29
NY CITY CENTRAL PARK,2015-03-21,5.37,0,0,5.1,47,29
NY CITY CENTRAL PARK,2015-03-22,7.61,0,0,0,43,28
NY CITY CENTRAL PARK,2015-03-23,6.71,0,0,0,38,23
NY CITY CENTRAL PARK,2015-03-24,4.03,0,0,0,45,26
NY CITY CENTRAL PARK,2015-03-25,4.47,0.05,0,0,49,34
NY CITY CENTRAL PARK,2015-03-26,2.91,0.32,0,0,62,42
NY CITY CENTRAL PARK,2015-03-27,4.25,0.27,0,0,46,39
NY CITY CENTRAL PARK,2015-03-28,7.61,0,0,0,40,26
NY CITY CENTRAL PARK,2015-03-29,6.26,0,0,0,46,25
NY CITY CENTRAL PARK,2015-03-30,7.83,0,0,0,54,36
NY CITY CENTRAL PARK,2015-03-31,5.37,0.17,0,0,47,35
NY CITY CENTRAL PARK,2015-04-01,5.14,0,0,0,51,32
NY CITY CENTRAL PARK,2015-04-02,6.26,0,0,0,67,41
NY CITY CENTRAL PARK,2015-04-03,6.71,0.04,0,0,64,59
NY CITY CENTRAL PARK,2015-04-04,10.07,0.01,0,0,60,42
NY CITY CENTRAL PARK,2015-04-05,4.92,0,0,0,61,42
NY CITY CENTRAL PARK,2015-04-06,4.25,0,0,0,63,42
NY CITY CENTRAL PARK,2015-04-07,6.93,0.15,0,0,62,42
NY CITY CENTRAL PARK,2015-04-08,11.41,0,0,0,45,37
NY CITY CENTRAL PARK,2015-04-09,8.95,0,0,0,43,37
NY CITY CENTRAL PARK,2015-04-10,4.7,0.17,0,0,56,39
NY CITY CENTRAL PARK,2015-04-11,8.72,0,0,0,57,44
NY CITY CENTRAL PARK,2015-04-12,3.36,0,0,0,66,43
NY CITY CENTRAL PARK,2015-04-13,4.7,0,0,0,68,50
NY CITY CENTRAL PARK,2015-04-14,3.8,0.01,0,0,65,55
NY CITY CENTRAL PARK,2015-04-15,6.26,0,0,0,72,51
NY CITY CENTRAL PARK,2015-04-16,6.49,0,0,0,64,52
NY CITY CENTRAL PARK,2015-04-17,5.14,0.08,0,0,71,55
NY CITY CENTRAL PARK,2015-04-18,4.25,0,0,0,80,59
NY CITY CENTRAL PARK,2015-04-19,8.5,0,0,0,64,48
NY CITY CENTRAL PARK,2015-04-20,7.38,1.37,0,0,57,46
NY CITY CENTRAL PARK,2015-04-21,6.04,0.2,0,0,65,52
NY CITY CENTRAL PARK,2015-04-22,6.49,0.05,0,0,69,48
NY CITY CENTRAL PARK,2015-04-23,9.17,0,0,0,52,41
NY CITY CENTRAL PARK,2015-04-24,8.5,0,0,0,52,39
NY CITY CENTRAL PARK,2015-04-25,5.59,0,0,0,62,38
NY CITY CENTRAL PARK,2015-04-26,5.14,0,0,0,64,46
NY CITY CENTRAL PARK,2015-04-27,5.82,0,0,0,62,49
NY CITY CENTRAL PARK,2015-04-28,7.83,0,0,0,71,50
NY CITY CENTRAL PARK,2015-04-29,5.59,0,0,0,78,50
NY CITY CENTRAL PARK,2015-04-30,8.05,0,0,0,67,48
NY CITY CENTRAL PARK,2015-05-01,5.14,0,0,0,63,49
NY CITY CENTRAL PARK,2015-05-02,2.91,0,0,0,74,48
NY CITY CENTRAL PARK,2015-05-03,2.46,0,0,0,80,51
NY CITY CENTRAL PARK,2015-05-04,5.37,0,0,0,85,57
NY CITY CENTRAL PARK,2015-05-05,4.03,0,0,0,85,66
NY CITY CENTRAL PARK,2015-05-06,4.92,0,0,0,73,59
NY CITY CENTRAL PARK,2015-05-07,2.24,0,0,0,80,56
NY CITY CENTRAL PARK,2015-05-08,2.91,0,0,0,82,56
NY CITY CENTRAL PARK,2015-05-09,4.25,0,0,0,70,57
NY CITY CENTRAL PARK,2015-05-10,3.58,0,0,0,83,61
NY CITY CENTRAL PARK,2015-05-11,3.8,0,0,0,84,70
NY CITY CENTRAL PARK,2015-05-12,5.37,0,0,0,86,64
NY CITY CENTRAL PARK,2015-05-13,7.38,0,0,0,70,53
NY CITY CENTRAL PARK,2015-05-14,3.8,0,0,0,73,50
NY CITY CENTRAL PARK,2015-05-15,3.36,0,0,0,75,55
NY CITY CENTRAL PARK,2015-05-16,2.01,0.3,0,0,75,57
NY CITY CENTRAL PARK,2015-05-17,2.01,0.02,0,0,83,64
NY CITY CENTRAL PARK,2015-05-18,4.7,0,0,0,75,60
NY CITY CENTRAL PARK,2015-05-19,2.46,0,0,0,80,59
NY CITY CENTRAL PARK,2015-05-20,6.93,0,0,0,67,54
NY CITY CENTRAL PARK,2015-05-21,2.68,0,0,0,62,52
NY CITY CENTRAL PARK,2015-05-22,6.04,0,0,0,74,55
NY CITY CENTRAL PARK,2015-05-23,4.47,0,0,0,70,49
NY CITY CENTRAL PARK,2015-05-24,3.8,0,0,0,81,56
NY CITY CENTRAL PARK,2015-05-25,4.92,0,0,0,85,64
NY CITY CENTRAL PARK,2015-05-26,5.14,0,0,0,88,67
NY CITY CENTRAL PARK,2015-05-27,5.14,0.08,0,0,85,70
NY CITY CENTRAL PARK,2015-05-28,4.03,0,0,0,85,70
NY CITY CENTRAL PARK,2015-05-29,4.03,0,0,0,85,65
NY CITY CENTRAL PARK,2015-05-30,5.59,0,0,0,85,67
NY CITY CENTRAL PARK,2015-05-31,5.59,1.46,0,0,87,57
NY CITY CENTRAL PARK,2015-06-01,10.29,0.72,0,0,58,51
NY CITY CENTRAL PARK,2015-06-02,6.26,0.37,0,0,55,50
NY CITY CENTRAL PARK,2015-06-03,4.7,0,0,0,70,52
NY CITY CENTRAL PARK,2015-06-04,5.14,0,0,0,65,54
NY CITY CENTRAL PARK,2015-06-05,2.91,0.13,0,0,70,55
NY CITY CENTRAL PARK,2015-06-06,4.7,0.19,0,0,76,60
NY CITY CENTRAL PARK,2015-06-07,3.8,0,0,0,74,55
NY CITY CENTRAL PARK,2015-06-08,6.04,0.06,0,0,79,63
NY CITY CENTRAL PARK,2015-06-09,4.92,0.01,0,0,83,68
NY CITY CENTRAL PARK,2015-06-10,3.13,0,0,0,82,65
NY CITY CENTRAL PARK,2015-06-11,4.47,0,0,0,89,72
NY CITY CENTRAL PARK,2015-06-12,4.47,0,0,0,88,73
NY CITY CENTRAL PARK,2015-06-13,5.37,0,0,0,86,72
NY CITY CENTRAL PARK,2015-06-14,2.68,0.36,0,0,88,66
NY CITY CENTRAL PARK,2015-06-15,4.7,0.57,0,0,83,64
NY CITY CENTRAL PARK,2015-06-16,2.24,0.27,0,0,79,65
NY CITY CENTRAL PARK,2015-06-17,3.8,0,0,0,82,66
NY CITY CENTRAL PARK,2015-06-18,3.58,0,0,0,71,64
NY CITY CENTRAL PARK,2015-06-19,3.8,0,0,0,87,68
NY CITY CENTRAL PARK,2015-06-20,5.37,0,0,0,75,64
NY CITY CENTRAL PARK,2015-06-21,4.47,0.64,0,0,88,71
NY CITY CENTRAL PARK,2015-06-22,4.92,0,0,0,87,70
NY CITY CENTRAL PARK,2015-06-23,5.82,0.02,0,0,90,75
NY CITY CENTRAL PARK,2015-06-24,4.7,0,0,0,84,68
NY CITY CENTRAL PARK,2015-06-25,3.13,0,0,0,83,65
NY CITY CENTRAL PARK,2015-06-26,4.47,0,0,0,81,69
NY CITY CENTRAL PARK,2015-06-27,7.38,1.12,0,0,71,58
NY CITY CENTRAL PARK,2015-06-28,5.37,0.29,0,0,73,62
NY CITY CENTRAL PARK,2015-06-29,4.92,0,0,0,76,63
NY CITY CENTRAL PARK,2015-06-30,4.92,0.04,0,0,82,68
NY CITY CENTRAL PARK,2015-07-01,4.25,0.39,0,0,82,69
NY CITY CENTRAL PARK,2015-07-02,1.12,0,0,0,80,69
NY CITY CENTRAL PARK,2015-07-03,2.91,0,0,0,82,66
NY CITY CENTRAL PARK,2015-07-04,3.36,0,0,0,75,69
NY CITY CENTRAL PARK,2015-07-05,1.57,0,0,0,83,68
NY CITY CENTRAL PARK,2015-07-06,2.91,0,0,0,83,72
NY CITY CENTRAL PARK,2015-07-07,4.92,0.12,0,0,88,75
NY CITY CENTRAL PARK,2015-07-08,3.13,0,0,0,88,77
NY CITY CENTRAL PARK,2015-07-09,4.7,0.3,0,0,79,68
NY CITY CENTRAL PARK,2015-07-10,4.7,0,0,0,84,72
NY CITY CENTRAL PARK,2015-07-11,2.46,0,0,0,88,69
NY CITY CENTRAL PARK,2015-07-12,2.01,0,0,0,89,72
NY CITY CENTRAL PARK,2015-07-13,2.68,0,0,0,88,73
NY CITY CENTRAL PARK,2015-07-14,2.68,0.42,0,0,82,73
NY CITY CENTRAL PARK,2015-07-15,4.47,0.12,0,0,81,72
NY CITY CENTRAL PARK,2015-07-16,5.59,0,0,0,80,64
NY CITY CENTRAL PARK,2015-07-17,3.8,0,0,0,81,67
NY CITY CENTRAL PARK,2015-07-18,4.47,0.32,0,0,85,71
NY CITY CENTRAL PARK,2015-07-19,3.13,0,0,0,93,78
NY CITY CENTRAL PARK,2015-07-20,4.47,0,0,0,94,82
NY CITY CENTRAL PARK,2015-07-21,2.46,0,0,0,89,74
NY CITY CENTRAL PARK,2015-07-22,5.82,0,0,0,85,69
NY CITY CENTRAL PARK,2015-07-23,3.8,0,0,0,86,68
NY CITY CENTRAL PARK,2015-07-24,2.01,0,0,0,87,70
NY CITY CENTRAL PARK,2015-07-25,3.13,0,0,0,88,69
NY CITY CENTRAL PARK,2015-07-26,4.47,0,0,0,90,74
NY CITY CENTRAL PARK,2015-07-27,2.91,0.36,0,0,86,71
NY CITY CENTRAL PARK,2015-07-28,2.68,0,0,0,95,75
NY CITY CENTRAL PARK,2015-07-29,3.8,0,0,0,96,78
NY CITY CENTRAL PARK,2015-07-30,4.25,1.95,0,0,87,76
NY CITY CENTRAL PARK,2015-07-31,3.36,0,0,0,89,72
NY CITY CENTRAL PARK,2015-08-01,4.47,0,0,0,89,75
NY CITY CENTRAL PARK,2015-08-02,2.01,0,0,0,89,71
NY CITY CENTRAL PARK,2015-08-03,4.92,0,0,0,90,75
NY CITY CENTRAL PARK,2015-08-04,5.37,0.43,0,0,89,69
NY CITY CENTRAL PARK,2015-08-05,2.91,0,0,0,87,72
NY CITY CENTRAL PARK,2015-08-06,2.46,0,0,0,83,67
NY CITY CENTRAL PARK,2015-08-07,5.37,0,0,0,84,69
NY CITY CENTRAL PARK,2015-08-08,3.8,0,0,0,82,68
NY CITY CENTRAL PARK,2015-08-09,3.8,0,0,0,85,68
NY CITY CENTRAL PARK,2015-08-10,4.47,0,0,0,84,70
NY CITY CENTRAL PARK,2015-08-11,4.25,1.17,0,0,81,71
NY CITY CENTRAL PARK,2015-08-12,4.7,0,0,0,85,71
NY CITY CENTRAL PARK,2015-08-13,3.13,0,0,0,83,67
NY CITY CENTRAL PARK,2015-08-14,2.91,0,0,0,88,67
NY CITY CENTRAL PARK,2015-08-15,3.36,0,0,0,92,73
NY CITY CENTRAL PARK,2015-08-16,1.57,0,0,0,93,76
NY CITY CENTRAL PARK,2015-08-17,3.36,0,0,0,95,78
NY CITY CENTRAL PARK,2015-08-18,4.03,0.29,0,0,90,73
NY CITY CENTRAL PARK,2015-08-19,4.03,0,0,0,87,77
NY CITY CENTRAL PARK,2015-08-20,5.59,0.01,0,0,86,77
NY CITY CENTRAL PARK,2015-08-21,4.25,0.32,0,0,87,71
NY CITY CENTRAL PARK,2015-08-22,4.47,0,0,0,86,69
NY CITY CENTRAL PARK,2015-08-23,4.03,0,0,0,85,70
NY CITY CENTRAL PARK,2015-08-24,2.46,0,0,0,87,73
NY CITY CENTRAL PARK,2015-08-25,3.8,0,0,0,90,73
NY CITY CENTRAL PARK,2015-08-26,3.8,0,0,0,85,67
NY CITY CENTRAL PARK,2015-08-27,3.13,0,0,0,82,67
NY CITY CENTRAL PARK,2015-08-28,2.46,0,0,0,82,63
NY CITY CENTRAL PARK,2015-08-29,2.01,0,0,0,87,67
NY CITY CENTRAL PARK,2015-08-30,4.03,0.13,0,0,90,72
NY CITY CENTRAL PARK,2015-08-31,4.47,0,0,0,91,76
NY CITY CENTRAL PARK,2015-09-01,2.24,0,0,0,90,76
NY CITY CENTRAL PARK,2015-09-02,1.79,0,0,0,91,74
NY CITY CENTRAL PARK,2015-09-03,2.01,0,0,0,93,74
NY CITY CENTRAL PARK,2015-09-04,6.93,0,0,0,85,72
NY CITY CENTRAL PARK,2015-09-05,4.03,0,0,0,83,67
NY CITY CENTRAL PARK,2015-09-06,1.34,0,0,0,87,65
NY CITY CENTRAL PARK,2015-09-07,4.25,0,0,0,92,70
NY CITY CENTRAL PARK,2015-09-08,4.92,0,0,0,97,76
NY CITY CENTRAL PARK,2015-09-09,3.8,0,0,0,90,76
NY CITY CENTRAL PARK,2015-09-10,6.26,1.58,0,0,79,70
NY CITY CENTRAL PARK,2015-09-11,5.14,0,0,0,81,66
NY CITY CENTRAL PARK,2015-09-12,4.25,0.29,0,0,79,69
NY CITY CENTRAL PARK,2015-09-13,6.26,0.04,0,0,80,62
NY CITY CENTRAL PARK,2015-09-14,6.49,0,0,0,77,59
NY CITY CENTRAL PARK,2015-09-15,2.24,0,0,0,84,62
NY CITY CENTRAL PARK,2015-09-16,1.34,0,0,0,88,66
NY CITY CENTRAL PARK,2015-09-17,2.24,0,0,0,89,68
NY CITY CENTRAL PARK,2015-09-18,2.01,0,0,0,87,68
NY CITY CENTRAL PARK,2015-09-19,2.68,0,0,0,83,68
NY CITY CENTRAL PARK,2015-09-20,7.83,0,0,0,79,64
NY CITY CENTRAL PARK,2015-09-21,7.61,0,0,0,73,59
NY CITY CENTRAL PARK,2015-09-22,6.93,0,0,0,71,62
NY CITY CENTRAL PARK,2015-09-23,2.91,0,0,0,80,59
NY CITY CENTRAL PARK,2015-09-24,4.25,0,0,0,82,60
NY CITY CENTRAL PARK,2015-09-25,6.26,0,0,0,76,63
NY CITY CENTRAL PARK,2015-09-26,6.04,0,0,0,72,61
NY CITY CENTRAL PARK,2015-09-27,4.92,0,0,0,71,56
NY CITY CENTRAL PARK,2015-09-28,3.36,0,0,0,78,65
NY CITY CENTRAL PARK,2015-09-29,2.68,0.11,0,0,83,72
NY CITY CENTRAL PARK,2015-09-30,8.28,1.26,0,0,79,59
NY CITY CENTRAL PARK,2015-10-01,8.72,0.09,0,0,64,56
NY CITY CENTRAL PARK,2015-10-02,12.53,1.08,0,0,57,48
NY CITY CENTRAL PARK,2015-10-03,11.41,0.35,0,0,55,49
NY CITY CENTRAL PARK,2015-10-04,10.74,0,0,0,63,53
NY CITY CENTRAL PARK,2015-10-05,6.26,0,0,0,67,52
NY CITY CENTRAL PARK,2015-10-06,1.57,0,0,0,73,52
NY CITY CENTRAL PARK,2015-10-07,2.91,0,0,0,73,58
NY CITY CENTRAL PARK,2015-10-08,3.36,0,0,0,72,59
NY CITY CENTRAL PARK,2015-10-09,4.03,0.89,0,0,78,61
NY CITY CENTRAL PARK,2015-10-10,2.46,0,0,0,65,50
NY CITY CENTRAL PARK,2015-10-11,3.8,0,0,0,69,53
NY CITY CENTRAL PARK,2015-10-12,3.8,0,0,0,77,56
NY CITY CENTRAL PARK,2015-10-13,3.58,0.01,0,0,72,61
NY CITY CENTRAL PARK,2015-10-14,3.8,0,0,0,69,57
NY CITY CENTRAL PARK,2015-10-15,4.03,0,0,0,64,51
NY CITY CENTRAL PARK,2015-10-16,5.37,0,0,0,64,53
NY CITY CENTRAL PARK,2015-10-17,5.82,0,0,0,56,42
NY CITY CENTRAL PARK,2015-10-18,4.92,0,0,0,50,38
NY CITY CENTRAL PARK,2015-10-19,3.8,0,0,0,53,35
NY CITY CENTRAL PARK,2015-10-20,6.04,0,0,0,70,48
NY CITY CENTRAL PARK,2015-10-21,2.24,0,0,0,76,57
NY CITY CENTRAL PARK,2015-10-22,4.7,0,0,0,75,58
NY CITY CENTRAL PARK,2015-10-23,6.71,0,0,0,65,45
NY CITY CENTRAL PARK,2015-10-24,4.03,0,0,0,57,40
NY CITY CENTRAL PARK,2015-10-25,4.92,0.05,0,0,68,48
NY CITY CENTRAL PARK,2015-10-26,3.8,0,0,0,58,46
NY CITY CENTRAL PARK,2015-10-27,4.47,0,0,0,59,45
NY CITY CENTRAL PARK,2015-10-28,6.71,1.4,0,0,69,53
NY CITY CENTRAL PARK,2015-10-29,6.49,0.04,0,0,73,57
NY CITY CENTRAL PARK,2015-10-30,5.82,0,0,0,61,48
NY CITY CENTRAL PARK,2015-10-31,2.91,0,0,0,56,42
NY CITY CENTRAL PARK,2015-11-01,4.92,0,0,0,65,54
NY CITY CENTRAL PARK,2015-11-02,2.01,0,0,0,63,54
NY CITY CENTRAL PARK,2015-11-03,2.46,0,0,0,72,48
NY CITY CENTRAL PARK,2015-11-04,2.46,0,0,0,70,56
NY CITY CENTRAL PARK,2015-11-05,2.01,0.01,0,0,71,56
NY CITY CENTRAL PARK,2015-11-06,4.7,0,0,0,74,66
NY CITY CENTRAL PARK,2015-11-07,4.47,0,0,0,72,53
NY CITY CENTRAL PARK,2015-11-08,3.58,0,0,0,56,46
NY CITY CENTRAL PARK,2015-11-09,2.01,0,0,0,59,43
NY CITY CENTRAL PARK,2015-11-10,9.84,0.26,0,0,57,51
NY CITY CENTRAL PARK,2015-11-11,4.92,0.43,0,0,58,49
NY CITY CENTRAL PARK,2015-11-12,5.59,0.01,0,0,61,51
NY CITY CENTRAL PARK,2015-11-13,10.74,0,0,0,58,46
NY CITY CENTRAL PARK,2015-11-14,7.83,0,0,0,49,42
NY CITY CENTRAL PARK,2015-11-15,4.7,0,0,0,58,39
NY CITY CENTRAL PARK,2015-11-16,4.03,0,0,0,67,51
NY CITY CENTRAL PARK,2015-11-17,6.26,0,0,0,52,40
NY CITY CENTRAL PARK,2015-11-18,5.14,0,0,0,58,46
NY CITY CENTRAL PARK,2015-11-19,5.59,1.25,0,0,64,57
NY CITY CENTRAL PARK,2015-11-20,5.82,0,0,0,64,46
NY CITY CENTRAL PARK,2015-11-21,6.49,0,0,0,53,42
NY CITY CENTRAL PARK,2015-11-22,6.26,0.03,0,0,55,42
NY CITY CENTRAL PARK,2015-11-23,5.82,0,0,0,44,33
NY CITY CENTRAL PARK,2015-11-24,3.8,0,0,0,46,32
NY CITY CENTRAL PARK,2015-11-25,2.68,0,0,0,50,36
NY CITY CENTRAL PARK,2015-11-26,2.91,0,0,0,60,41
NY CITY CENTRAL PARK,2015-11-27,3.8,0,0,0,64,51
NY CITY CENTRAL PARK,2015-11-28,NA,0.02,0,0,64,45
NY CITY CENTRAL PARK,2015-11-29,NA,0,0,0,49,38
NY CITY CENTRAL PARK,2015-11-30,5.59,0,0,0,47,33
NY CITY CENTRAL PARK,2015-12-01,6.71,0.33,0,0,51,44
NY CITY CENTRAL PARK,2015-12-02,2.91,0.14,0,0,57,46
NY CITY CENTRAL PARK,2015-12-03,8.5,0,0,0,55,44
NY CITY CENTRAL PARK,2015-12-04,4.25,0,0,0,51,42
NY CITY CENTRAL PARK,2015-12-05,2.24,0,0,0,51,40
NY CITY CENTRAL PARK,2015-12-06,3.36,0,0,0,53,39
NY CITY CENTRAL PARK,2015-12-07,3.8,0,0,0,54,42
NY CITY CENTRAL PARK,2015-12-08,4.47,0,0,0,49,41
NY CITY CENTRAL PARK,2015-12-09,4.25,0,0,0,55,40
NY CITY CENTRAL PARK,2015-12-10,4.25,0,0,0,60,51
NY CITY CENTRAL PARK,2015-12-11,4.7,0,0,0,61,50
NY CITY CENTRAL PARK,2015-12-12,2.01,0,0,0,66,55
NY CITY CENTRAL PARK,2015-12-13,3.36,0,0,0,67,55
NY CITY CENTRAL PARK,2015-12-14,4.7,0.33,0,0,67,53
NY CITY CENTRAL PARK,2015-12-15,10.51,0.09,0,0,68,53
NY CITY CENTRAL PARK,2015-12-16,5.37,0.04,0,0,53,46
NY CITY CENTRAL PARK,2015-12-17,4.92,1.21,0,0,59,50
NY CITY CENTRAL PARK,2015-12-18,6.71,0,0,0,57,38
NY CITY CENTRAL PARK,2015-12-19,9.4,0,0,0,40,35
NY CITY CENTRAL PARK,2015-12-20,6.04,0,0,0,43,34
NY CITY CENTRAL PARK,2015-12-21,7.16,0,0,0,56,39
NY CITY CENTRAL PARK,2015-12-22,4.92,0.19,0,0,62,53
NY CITY CENTRAL PARK,2015-12-23,3.58,1.55,0,0,64,52
NY CITY CENTRAL PARK,2015-12-24,4.47,0.01,0,0,72,63
NY CITY CENTRAL PARK,2015-12-25,0.89,0.01,0,0,66,57
NY CITY CENTRAL PARK,2015-12-26,8.05,0,0,0,59,47
NY CITY CENTRAL PARK,2015-12-27,5.82,0.12,0,0,61,46
NY CITY CENTRAL PARK,2015-12-28,8.28,0.03,0,0,46,34
NY CITY CENTRAL PARK,2015-12-29,6.93,0.45,0,0,46,34
NY CITY CENTRAL PARK,2015-12-30,4.03,0.19,0,0,48,38
NY CITY CENTRAL PARK,2015-12-31,5.37,0.03,0,0,48,42
NY CITY CENTRAL PARK,2016-01-01,7.61,0,0,0,42,34
NY CITY CENTRAL PARK,2016-01-02,6.71,0,0,0,40,32
NY CITY CENTRAL PARK,2016-01-03,7.83,0,0,0,45,35
NY CITY CENTRAL PARK,2016-01-04,8.5,0,0,0,36,14
NY CITY CENTRAL PARK,2016-01-05,5.14,0,0,0,29,11
NY CITY CENTRAL PARK,2016-01-06,3.58,0,0,0,41,25
NY CITY CENTRAL PARK,2016-01-07,2.46,0,0,0,46,31
NY CITY CENTRAL PARK,2016-01-08,4.25,0,0,0,46,31
NY CITY CENTRAL PARK,2016-01-09,8.05,0,0,0,47,40
NY CITY CENTRAL PARK,2016-01-10,9.84,1.8,0,0,59,40
NY CITY CENTRAL PARK,2016-01-11,10.51,0,0,0,40,26
NY CITY CENTRAL PARK,2016-01-12,6.04,0,0,0,44,25
NY CITY CENTRAL PARK,2016-01-13,9.84,0,0,0,30,22
NY CITY CENTRAL PARK,2016-01-14,4.92,0,0,0,38,22
NY CITY CENTRAL PARK,2016-01-15,5.14,0,0,0,51,34
NY CITY CENTRAL PARK,2016-01-16,6.71,0.24,0,0,52,42
NY CITY CENTRAL PARK,2016-01-17,5.59,0.05,0.4,0,42,30
NY CITY CENTRAL PARK,2016-01-18,11.86,0,0,0,31,18
NY CITY CENTRAL PARK,2016-01-19,10.96,0,0,0,28,16
NY CITY CENTRAL PARK,2016-01-20,5.59,0,0,0,37,27
NY CITY CENTRAL PARK,2016-01-21,6.04,0,0,0,36,26
NY CITY CENTRAL PARK,2016-01-22,6.49,0.01,0.2,0,30,21
NY CITY CENTRAL PARK,2016-01-23,15.66,2.31,27.3,5.9,27,24
NY CITY CENTRAL PARK,2016-01-24,5.82,0,0,22,35,20
NY CITY CENTRAL PARK,2016-01-25,3.36,0,0,18.9,39,28
NY CITY CENTRAL PARK,2016-01-26,6.49,0,0,16.9,48,38
NY CITY CENTRAL PARK,2016-01-27,6.71,0,0,9.1,47,34
NY CITY CENTRAL PARK,2016-01-28,4.47,0,0,5.9,42,32
NY CITY CENTRAL PARK,2016-01-29,7.83,0,0,5.9,41,30
NY CITY CENTRAL PARK,2016-01-30,6.93,0,0,5.9,39,28
NY CITY CENTRAL PARK,2016-01-31,5.14,0,0,3.9,56,36
NY CITY CENTRAL PARK,2016-02-01,5.82,0.01,0,2,59,44
NY CITY CENTRAL PARK,2016-02-02,3.58,0,0,0,50,38
NY CITY CENTRAL PARK,2016-02-03,6.49,0.73,0,0,59,42
NY CITY CENTRAL PARK,2016-02-04,5.82,0,0,0,59,44
NY CITY CENTRAL PARK,2016-02-05,8.28,0.53,2.5,1.2,44,31
NY CITY CENTRAL PARK,2016-02-06,5.59,0,0,0,40,30
NY CITY CENTRAL PARK,2016-02-07,5.37,0,0,0,47,33
NY CITY CENTRAL PARK,2016-02-08,10.51,0.05,0.1,0,39,28
NY CITY CENTRAL PARK,2016-02-09,4.03,0,0,0,36,27
NY CITY CENTRAL PARK,2016-02-10,5.82,0.01,0,0,39,31
NY CITY CENTRAL PARK,2016-02-11,10.07,0,0,0,31,18
NY CITY CENTRAL PARK,2016-02-12,6.71,0,0,0,27,15
NY CITY CENTRAL PARK,2016-02-13,12.3,0,0,0,22,6
NY CITY CENTRAL PARK,2016-02-14,6.26,0,0,0,15,-1
NY CITY CENTRAL PARK,2016-02-15,5.37,0.44,1.4,0,35,13
NY CITY CENTRAL PARK,2016-02-16,7.83,1.01,0,0,54,35
NY CITY CENTRAL PARK,2016-02-17,7.38,0,0,0,39,35
NY CITY CENTRAL PARK,2016-02-18,7.16,0,0,0,36,27
NY CITY CENTRAL PARK,2016-02-19,5.37,0,0,0,39,24
NY CITY CENTRAL PARK,2016-02-20,7.38,0,0,0,61,39
NY CITY CENTRAL PARK,2016-02-21,4.92,0.03,0,0,55,44
NY CITY CENTRAL PARK,2016-02-22,5.14,0,0,0,52,38
NY CITY CENTRAL PARK,2016-02-23,14.54,0.3,0,0,40,35
NY CITY CENTRAL PARK,2016-02-24,10.51,1.22,0,0,60,36
NY CITY CENTRAL PARK,2016-02-25,8.95,0.02,0,0,61,37
NY CITY CENTRAL PARK,2016-02-26,8.72,0,0,0,39,27
NY CITY CENTRAL PARK,2016-02-27,6.04,0,0,0,41,26
NY CITY CENTRAL PARK,2016-02-28,7.38,0,0,0,60,38
NY CITY CENTRAL PARK,2016-02-29,8.5,0.05,0,0,61,47
NY CITY CENTRAL PARK,2016-03-01,7.61,0,0,0,52,39
NY CITY CENTRAL PARK,2016-03-02,10.51,0.14,0,0,55,29
NY CITY CENTRAL PARK,2016-03-03,5.82,0,0,0,36,26
NY CITY CENTRAL PARK,2016-03-04,8.72,0.11,0.4,0,39,30
NY CITY CENTRAL PARK,2016-03-05,4.25,0,0,0,41,28
NY CITY CENTRAL PARK,2016-03-06,3.36,0,0,0,44,32
NY CITY CENTRAL PARK,2016-03-07,7.83,0,0,0,60,36
NY CITY CENTRAL PARK,2016-03-08,3.36,0,0,0,67,47
NY CITY CENTRAL PARK,2016-03-09,2.24,0,0,0,77,44
NY CITY CENTRAL PARK,2016-03-10,4.92,0,0,0,79,63
NY CITY CENTRAL PARK,2016-03-11,6.04,0.06,0,0,68,48
NY CITY CENTRAL PARK,2016-03-12,5.14,0,0,0,59,40
NY CITY CENTRAL PARK,2016-03-13,3.58,0,0,0,62,50
NY CITY CENTRAL PARK,2016-03-14,14.09,0.29,0,0,51,40
NY CITY CENTRAL PARK,2016-03-15,5.37,0,0,0,57,44
NY CITY CENTRAL PARK,2016-03-16,3.58,0.02,0,0,65,48
NY CITY CENTRAL PARK,2016-03-17,4.92,0,0,0,63,45
NY CITY CENTRAL PARK,2016-03-18,8.72,0,0,0,57,42
NY CITY CENTRAL PARK,2016-03-19,5.14,0,0,0,46,36
NY CITY CENTRAL PARK,2016-03-20,9.62,0.07,0,0,43,32
NY CITY CENTRAL PARK,2016-03-21,8.05,0.06,0.5,0,50,32
NY CITY CENTRAL PARK,2016-03-22,6.93,0,0,0,56,35
NY CITY CENTRAL PARK,2016-03-23,6.04,0,0,0,71,48
NY CITY CENTRAL PARK,2016-03-24,9.17,0,0,0,55,44
NY CITY CENTRAL PARK,2016-03-25,3.8,0.04,0,0,72,44
NY CITY CENTRAL PARK,2016-03-26,6.49,0,0,0,55,38
NY CITY CENTRAL PARK,2016-03-27,5.59,0,0,0,55,43
NY CITY CENTRAL PARK,2016-03-28,10.07,0.38,0,0,62,42
NY CITY CENTRAL PARK,2016-03-29,11.63,0,0,0,53,40
NY CITY CENTRAL PARK,2016-03-30,5.37,0,0,0,56,37
NY CITY CENTRAL PARK,2016-03-31,6.71,0,0,0,73,49
NY CITY CENTRAL PARK,2016-04-01,6.71,0.02,0,0,79,61
NY CITY CENTRAL PARK,2016-04-02,4.92,0.16,0,0,61,49
NY CITY CENTRAL PARK,2016-04-03,12.75,0.09,0,0,50,34
NY CITY CENTRAL PARK,2016-04-04,7.16,0.47,0,0,45,29
NY CITY CENTRAL PARK,2016-04-05,8.28,0,0,0,43,26
NY CITY CENTRAL PARK,2016-04-06,6.04,0,0,0,48,30
NY CITY CENTRAL PARK,2016-04-07,6.93,0.09,0,0,58,48
NY CITY CENTRAL PARK,2016-04-08,7.16,0.01,0,0,50,40
NY CITY CENTRAL PARK,2016-04-09,6.49,0.11,0,0,43,36
NY CITY CENTRAL PARK,2016-04-10,4.92,0,0,0,50,31
NY CITY CENTRAL PARK,2016-04-11,6.93,0.01,0,0,65,43
NY CITY CENTRAL PARK,2016-04-12,5.82,0.2,0,0,59,45
NY CITY CENTRAL PARK,2016-04-13,4.47,0,0,0,58,40
NY CITY CENTRAL PARK,2016-04-14,6.49,0,0,0,62,43
NY CITY CENTRAL PARK,2016-04-15,3.8,0,0,0,65,42
NY CITY CENTRAL PARK,2016-04-16,4.92,0,0,0,68,43
NY CITY CENTRAL PARK,2016-04-17,2.91,0,0,0,75,44
NY CITY CENTRAL PARK,2016-04-18,3.8,0,0,0,82,51
NY CITY CENTRAL PARK,2016-04-19,7.61,0,0,0,73,55
NY CITY CENTRAL PARK,2016-04-20,6.04,0,0,0,69,49
NY CITY CENTRAL PARK,2016-04-21,5.59,0,0,0,73,49
NY CITY CENTRAL PARK,2016-04-22,4.25,0,0,0,79,62
NY CITY CENTRAL PARK,2016-04-23,7.16,0.16,0,0,71,54
NY CITY CENTRAL PARK,2016-04-24,5.82,0,0,0,68,47
NY CITY CENTRAL PARK,2016-04-25,4.03,0,0,0,69,50
NY CITY CENTRAL PARK,2016-04-26,7.16,0.24,0,0,60,47
NY CITY CENTRAL PARK,2016-04-27,4.25,0,0,0,62,46
NY CITY CENTRAL PARK,2016-04-28,4.7,0,0,0,59,48
NY CITY CENTRAL PARK,2016-04-29,5.82,0.05,0,0,58,45
NY CITY CENTRAL PARK,2016-04-30,5.82,0,0,0,65,46
NY CITY CENTRAL PARK,2016-05-01,4.92,0.16,0,0,51,45
NY CITY CENTRAL PARK,2016-05-02,2.24,0.04,0,0,60,45
NY CITY CENTRAL PARK,2016-05-03,6.04,0.61,0,0,56,51
NY CITY CENTRAL PARK,2016-05-04,8.72,0.01,0,0,52,48
NY CITY CENTRAL PARK,2016-05-05,8.28,0,0,0,57,46
NY CITY CENTRAL PARK,2016-05-06,7.83,0.54,0,0,54,48
NY CITY CENTRAL PARK,2016-05-07,4.47,0,0,0,60,48
NY CITY CENTRAL PARK,2016-05-08,4.7,0.16,0,0,66,49
NY CITY CENTRAL PARK,2016-05-09,5.14,0,0,0,72,52
NY CITY CENTRAL PARK,2016-05-10,4.92,0,0,0,63,50
NY CITY CENTRAL PARK,2016-05-11,2.46,0,0,0,76,50
NY CITY CENTRAL PARK,2016-05-12,3.36,0,0,0,80,56
NY CITY CENTRAL PARK,2016-05-13,NA,0.25,0,0,65,57
NY CITY CENTRAL PARK,2016-05-14,NA,0,0,0,73,56
NY CITY CENTRAL PARK,2016-05-15,NA,0,0,0,59,46
NY CITY CENTRAL PARK,2016-05-16,NA,0,0,0,66,43
NY CITY CENTRAL PARK,2016-05-17,3.8,0,0,0,64,52
NY CITY CENTRAL PARK,2016-05-18,NA,0,0,0,68,52
NY CITY CENTRAL PARK,2016-05-19,1.34,0,0,0,73,54
NY CITY CENTRAL PARK,2016-05-20,4.47,0,0,0,76,53
NY CITY CENTRAL PARK,2016-05-21,3.8,0.04,0,0,66,54
NY CITY CENTRAL PARK,2016-05-22,3.58,0.09,0,0,70,52
NY CITY CENTRAL PARK,2016-05-23,2.46,0.02,0,0,78,56
NY CITY CENTRAL PARK,2016-05-24,2.01,0.18,0,0,73,58
NY CITY CENTRAL PARK,2016-05-25,4.25,0,0,0,88,61
NY CITY CENTRAL PARK,2016-05-26,3.58,0,0,0,90,69
NY CITY CENTRAL PARK,2016-05-27,3.8,0,0,0,87,73
NY CITY CENTRAL PARK,2016-05-28,4.47,0,0,0,92,71
NY CITY CENTRAL PARK,2016-05-29,4.92,0,0,0,87,70
NY CITY CENTRAL PARK,2016-05-30,3.13,1.65,0,0,82,68
NY CITY CENTRAL PARK,2016-05-31,3.13,0,0,0,85,71
NY CITY CENTRAL PARK,2016-06-01,6.04,0,0,0,83,66
NY CITY CENTRAL PARK,2016-06-02,4.7,0,0,0,78,62
NY CITY CENTRAL PARK,2016-06-03,1.34,0.04,0,0,70,63
NY CITY CENTRAL PARK,2016-06-04,2.46,0.4,0,0,83,66
NY CITY CENTRAL PARK,2016-06-05,3.36,0.91,0,0,71,65
NY CITY CENTRAL PARK,2016-06-06,5.59,0,0,0,83,65
NY CITY CENTRAL PARK,2016-06-07,5.14,0,0,0,85,64
NY CITY CENTRAL PARK,2016-06-08,7.61,0.45,0,0,67,52
NY CITY CENTRAL PARK,2016-06-09,8.95,0,0,0,71,54
NY CITY CENTRAL PARK,2016-06-10,5.37,0,0,0,77,57
NY CITY CENTRAL PARK,2016-06-11,3.36,0,0,0,88,59
NY CITY CENTRAL PARK,2016-06-12,8.05,0,0,0,83,62
NY CITY CENTRAL PARK,2016-06-13,7.38,0,0,0,74,57
NY CITY CENTRAL PARK,2016-06-14,4.25,0,0,0,79,58
NY CITY CENTRAL PARK,2016-06-15,2.46,0,0,0,85,62
NY CITY CENTRAL PARK,2016-06-16,1.79,0.22,0,0,74,65
NY CITY CENTRAL PARK,2016-06-17,4.7,0,0,0,78,63
NY CITY CENTRAL PARK,2016-06-18,2.68,0,0,0,87,61
NY CITY CENTRAL PARK,2016-06-19,2.91,0,0,0,88,66
NY CITY CENTRAL PARK,2016-06-20,3.13,0,0,0,84,64
NY CITY CENTRAL PARK,2016-06-21,4.92,0,0,0,87,72
NY CITY CENTRAL PARK,2016-06-22,4.03,0,0,0,86,68
NY CITY CENTRAL PARK,2016-06-23,2.01,0,0,0,83,69
NY CITY CENTRAL PARK,2016-06-24,6.26,0,0,0,84,67
NY CITY CENTRAL PARK,2016-06-25,3.58,0,0,0,86,64
NY CITY CENTRAL PARK,2016-06-26,2.46,0,0,0,87,67
NY CITY CENTRAL PARK,2016-06-27,4.92,0.45,0,0,83,67
NY CITY CENTRAL PARK,2016-06-28,3.58,0.12,0,0,76,68
NY CITY CENTRAL PARK,2016-06-29,2.24,0.01,0,0,83,67
NY CITY CENTRAL PARK,2016-06-30,2.91,0,0,0,85,67
NY CITY CENTRAL PARK,2016-07-01,3.36,0.83,0,0,79,66
NY CITY CENTRAL PARK,2016-07-02,5.37,0,0,0,76,63
NY CITY CENTRAL PARK,2016-07-03,3.13,0,0,0,78,64
NY CITY CENTRAL PARK,2016-07-04,3.13,0.49,0,0,84,66
NY CITY CENTRAL PARK,2016-07-05,2.91,0.66,0,0,86,69
NY CITY CENTRAL PARK,2016-07-06,2.46,0,0,0,91,75
NY CITY CENTRAL PARK,2016-07-07,2.01,0.04,0,0,89,77
NY CITY CENTRAL PARK,2016-07-08,5.37,0.08,0,0,86,67
NY CITY CENTRAL PARK,2016-07-09,4.03,0.53,0,0,72,65
NY CITY CENTRAL PARK,2016-07-10,4.25,0,0,0,80,66
NY CITY CENTRAL PARK,2016-07-11,3.36,0,0,0,81,65
NY CITY CENTRAL PARK,2016-07-12,4.25,0,0,0,82,68
NY CITY CENTRAL PARK,2016-07-13,4.7,0,0,0,85,71
NY CITY CENTRAL PARK,2016-07-14,2.91,0.62,0,0,88,73
NY CITY CENTRAL PARK,2016-07-15,4.47,0,0,0,88,79
NY CITY CENTRAL PARK,2016-07-16,4.25,0,0,0,90,75
NY CITY CENTRAL PARK,2016-07-17,2.68,0,0,0,89,75
NY CITY CENTRAL PARK,2016-07-18,5.82,0.35,0,0,93,72
NY CITY CENTRAL PARK,2016-07-19,4.92,0,0,0,83,73
NY CITY CENTRAL PARK,2016-07-20,3.13,0,0,0,85,68
NY CITY CENTRAL PARK,2016-07-21,5.14,0,0,0,90,71
NY CITY CENTRAL PARK,2016-07-22,6.49,0,0,0,94,74
NY CITY CENTRAL PARK,2016-07-23,4.92,0,0,0,96,80
NY CITY CENTRAL PARK,2016-07-24,4.03,0,0,0,94,75
NY CITY CENTRAL PARK,2016-07-25,3.36,1,0,0,93,73
NY CITY CENTRAL PARK,2016-07-26,4.25,0,0,0,89,72
NY CITY CENTRAL PARK,2016-07-27,2.01,0,0,0,91,74
NY CITY CENTRAL PARK,2016-07-28,3.13,0,0,0,95,75
NY CITY CENTRAL PARK,2016-07-29,4.25,1.09,0,0,85,69
NY CITY CENTRAL PARK,2016-07-30,3.58,0.25,0,0,84,73
NY CITY CENTRAL PARK,2016-07-31,4.25,1.08,0,0,78,71
NY CITY CENTRAL PARK,2016-08-01,4.92,0,0,0,80,69
NY CITY CENTRAL PARK,2016-08-02,6.93,0,0,0,79,68
NY CITY CENTRAL PARK,2016-08-03,2.91,0,0,0,80,66
NY CITY CENTRAL PARK,2016-08-04,2.01,0,0,0,81,67
NY CITY CENTRAL PARK,2016-08-05,3.8,0,0,0,83,69
NY CITY CENTRAL PARK,2016-08-06,5.14,0.05,0,0,87,72
NY CITY CENTRAL PARK,2016-08-07,4.03,0,0,0,86,70
NY CITY CENTRAL PARK,2016-08-08,1.34,0,0,0,86,71
NY CITY CENTRAL PARK,2016-08-09,2.68,0,0,0,87,71
NY CITY CENTRAL PARK,2016-08-10,4.03,0.09,0,0,86,75
NY CITY CENTRAL PARK,2016-08-11,4.47,0.15,0,0,91,74
NY CITY CENTRAL PARK,2016-08-12,5.14,0.32,0,0,93,73
NY CITY CENTRAL PARK,2016-08-13,4.03,0,0,0,96,81
NY CITY CENTRAL PARK,2016-08-14,3.8,0.06,0,0,94,78
NY CITY CENTRAL PARK,2016-08-15,2.91,0,0,0,92,77
NY CITY CENTRAL PARK,2016-08-16,4.03,0.11,0,0,87,78
NY CITY CENTRAL PARK,2016-08-17,5.37,0.01,0,0,85,77
NY CITY CENTRAL PARK,2016-08-18,1.57,0.03,0,0,85,72
NY CITY CENTRAL PARK,2016-08-19,2.24,0.01,0,0,88,74
NY CITY CENTRAL PARK,2016-08-20,4.7,0.82,0,0,83,70
NY CITY CENTRAL PARK,2016-08-21,4.25,0.31,0,0,86,73
NY CITY CENTRAL PARK,2016-08-22,5.82,0,0,0,79,65
NY CITY CENTRAL PARK,2016-08-23,1.79,0,0,0,82,61
NY CITY CENTRAL PARK,2016-08-24,NA,0,0,0,88,68
NY CITY CENTRAL PARK,2016-08-25,NA,0.01,0,0,86,69
NY CITY CENTRAL PARK,2016-08-26,NA,0,0,0,90,75
NY CITY CENTRAL PARK,2016-08-27,2.68,0,0,0,89,73
NY CITY CENTRAL PARK,2016-08-28,2.46,0,0,0,89,72
NY CITY CENTRAL PARK,2016-08-29,5.37,0,0,0,91,74
NY CITY CENTRAL PARK,2016-08-30,3.13,0,0,0,86,69
NY CITY CENTRAL PARK,2016-08-31,3.36,0,0,0,89,74
NY CITY CENTRAL PARK,2016-09-01,1.79,0.5,0,0,79,69
NY CITY CENTRAL PARK,2016-09-02,6.04,0,0,0,81,66
NY CITY CENTRAL PARK,2016-09-03,6.71,0,0,0,75,66
NY CITY CENTRAL PARK,2016-09-04,6.71,0,0,0,80,65
NY CITY CENTRAL PARK,2016-09-05,7.61,0,0,0,84,65
NY CITY CENTRAL PARK,2016-09-06,9.62,0,0,0,80,71
NY CITY CENTRAL PARK,2016-09-07,6.49,0,0,0,85,71
NY CITY CENTRAL PARK,2016-09-08,2.68,0,0,0,89,71
NY CITY CENTRAL PARK,2016-09-09,3.8,0.22,0,0,91,75
NY CITY CENTRAL PARK,2016-09-10,4.03,0,0,0,90,74
NY CITY CENTRAL PARK,2016-09-11,5.82,0,0,0,83,67
NY CITY CENTRAL PARK,2016-09-12,4.25,0,0,0,78,62
NY CITY CENTRAL PARK,2016-09-13,4.03,0,0,0,83,64
NY CITY CENTRAL PARK,2016-09-14,4.92,0.56,0,0,91,67
NY CITY CENTRAL PARK,2016-09-15,4.92,0,0,0,74,61
NY CITY CENTRAL PARK,2016-09-16,2.68,0,0,0,73,61
NY CITY CENTRAL PARK,2016-09-17,3.36,0,0,0,77,59
NY CITY CENTRAL PARK,2016-09-18,3.58,0,0,0,82,70
NY CITY CENTRAL PARK,2016-09-19,2.46,0.68,0,0,76,69
NY CITY CENTRAL PARK,2016-09-20,2.24,0,0,0,82,68
NY CITY CENTRAL PARK,2016-09-21,3.8,0,0,0,84,68
NY CITY CENTRAL PARK,2016-09-22,2.46,0,0,0,86,65
NY CITY CENTRAL PARK,2016-09-23,1.79,0.01,0,0,87,64
NY CITY CENTRAL PARK,2016-09-24,5.14,0.2,0,0,71,58
NY CITY CENTRAL PARK,2016-09-25,2.91,0,0,0,70,54
NY CITY CENTRAL PARK,2016-09-26,4.47,0,0,0,74,54
NY CITY CENTRAL PARK,2016-09-27,3.13,0.22,0,0,74,64
NY CITY CENTRAL PARK,2016-09-28,8.05,0,0,0,69,56
NY CITY CENTRAL PARK,2016-09-29,11.18,0,0,0,64,57
NY CITY CENTRAL PARK,2016-09-30,9.62,0.4,0,0,59,56
NY CITY CENTRAL PARK,2016-10-01,7.61,0,0,0,62,56
NY CITY CENTRAL PARK,2016-10-02,2.68,0,0,0,63,57
NY CITY CENTRAL PARK,2016-10-03,2.24,0,0,0,72,60
NY CITY CENTRAL PARK,2016-10-04,7.61,0,0,0,69,60
NY CITY CENTRAL PARK,2016-10-05,4.7,0,0,0,67,53
NY CITY CENTRAL PARK,2016-10-06,2.01,0,0,0,73,55
NY CITY CENTRAL PARK,2016-10-07,2.46,0,0,0,75,57
NY CITY CENTRAL PARK,2016-10-08,2.01,0.23,0,0,68,58
NY CITY CENTRAL PARK,2016-10-09,7.38,0.55,0,0,65,51
NY CITY CENTRAL PARK,2016-10-10,4.7,0,0,0,64,47
NY CITY CENTRAL PARK,2016-10-11,3.58,0,0,0,63,46
NY CITY CENTRAL PARK,2016-10-12,1.12,0,0,0,66,53
NY CITY CENTRAL PARK,2016-10-13,2.91,0,0,0,67,53
NY CITY CENTRAL PARK,2016-10-14,4.7,0,0,0,62,47
NY CITY CENTRAL PARK,2016-10-15,3.13,0,0,0,65,45
NY CITY CENTRAL PARK,2016-10-16,4.03,0,0,0,69,53
NY CITY CENTRAL PARK,2016-10-17,2.68,0,0,0,81,63
NY CITY CENTRAL PARK,2016-10-18,4.03,0,0,0,81,67
NY CITY CENTRAL PARK,2016-10-19,4.47,0,0,0,85,65
NY CITY CENTRAL PARK,2016-10-20,6.26,0,0,0,70,62
NY CITY CENTRAL PARK,2016-10-21,2.24,1.11,0,0,69,57
NY CITY CENTRAL PARK,2016-10-22,10.51,0.29,0,0,57,47
NY CITY CENTRAL PARK,2016-10-23,8.5,0,0,0,61,45
NY CITY CENTRAL PARK,2016-10-24,6.04,0,0,0,62,47
NY CITY CENTRAL PARK,2016-10-25,6.49,0,0,0,52,43
NY CITY CENTRAL PARK,2016-10-26,4.03,0,0,0,51,38
NY CITY CENTRAL PARK,2016-10-27,5.14,1.41,0,0,55,40
NY CITY CENTRAL PARK,2016-10-28,8.28,0,0,0,51,42
NY CITY CENTRAL PARK,2016-10-29,4.25,0,0,0,64,39
NY CITY CENTRAL PARK,2016-10-30,3.8,0.56,0,0,76,54
NY CITY CENTRAL PARK,2016-10-31,4.92,0,0,0,54,44
NY CITY CENTRAL PARK,2016-11-01,3.13,0,0,0,58,40
NY CITY CENTRAL PARK,2016-11-02,3.13,0,0,0,70,54
NY CITY CENTRAL PARK,2016-11-03,5.14,0,0,0,72,57
NY CITY CENTRAL PARK,2016-11-04,4.7,0,0,0,61,47
NY CITY CENTRAL PARK,2016-11-05,3.13,0,0,0,62,44
NY CITY CENTRAL PARK,2016-11-06,7.61,0,0,0,59,45
NY CITY CENTRAL PARK,2016-11-07,5.37,0,0,0,53,41
NY CITY CENTRAL PARK,2016-11-08,2.46,0,0,0,66,41
NY CITY CENTRAL PARK,2016-11-09,3.58,0.06,0,0,59,49
NY CITY CENTRAL PARK,2016-11-10,5.82,0,0,0,56,40
NY CITY CENTRAL PARK,2016-11-11,8.28,0,0,0,63,41
NY CITY CENTRAL PARK,2016-11-12,5.37,0,0,0,50,37
NY CITY CENTRAL PARK,2016-11-13,5.37,0,0,0,61,41
NY CITY CENTRAL PARK,2016-11-14,3.58,0,0,0,62,46
NY CITY CENTRAL PARK,2016-11-15,5.59,1.81,0,0,56,47
NY CITY CENTRAL PARK,2016-11-16,4.03,0,0,0,61,45
NY CITY CENTRAL PARK,2016-11-17,4.25,0,0,0,61,49
NY CITY CENTRAL PARK,2016-11-18,2.46,0,0,0,64,44
NY CITY CENTRAL PARK,2016-11-19,4.92,0.25,0,0,63,37
NY CITY CENTRAL PARK,2016-11-20,10.29,0.31,0,0,42,34
NY CITY CENTRAL PARK,2016-11-21,13.2,0,0,0,41,36
NY CITY CENTRAL PARK,2016-11-22,9.62,0,0,0,41,37
NY CITY CENTRAL PARK,2016-11-23,4.92,0,0,0,45,35
NY CITY CENTRAL PARK,2016-11-24,4.47,0.03,0,0,48,38
NY CITY CENTRAL PARK,2016-11-25,2.01,0.02,0,0,54,45
NY CITY CENTRAL PARK,2016-11-26,4.47,0,0,0,50,40
NY CITY CENTRAL PARK,2016-11-27,4.7,0,0,0,50,39
NY CITY CENTRAL PARK,2016-11-28,3.36,0,0,0,52,38
NY CITY CENTRAL PARK,2016-11-29,4.92,2.2,0,0,60,51
NY CITY CENTRAL PARK,2016-11-30,6.26,0.73,0,0,58,50
NY CITY CENTRAL PARK,2016-12-01,7.61,0.07,0,0,54,42
NY CITY CENTRAL PARK,2016-12-02,8.72,0,0,0,51,40
NY CITY CENTRAL PARK,2016-12-03,8.72,0,0,0,47,41
NY CITY CENTRAL PARK,2016-12-04,4.92,0,0,0,47,39
NY CITY CENTRAL PARK,2016-12-05,5.59,0.19,0,0,49,38
NY CITY CENTRAL PARK,2016-12-06,5.37,0.35,0,0,46,37
NY CITY CENTRAL PARK,2016-12-07,3.8,0.09,0,0,46,40
NY CITY CENTRAL PARK,2016-12-08,NA,0,0,0,45,35
NY CITY CENTRAL PARK,2016-12-09,NA,0,0,0,39,29
NY CITY CENTRAL PARK,2016-12-10,6.04,0,0,0,35,28
NY CITY CENTRAL PARK,2016-12-11,4.03,0.03,0.4,0,35,28
NY CITY CENTRAL PARK,2016-12-12,6.26,0.5,0,0,46,34
NY CITY CENTRAL PARK,2016-12-13,4.03,0,0,0,43,35
NY CITY CENTRAL PARK,2016-12-14,5.59,0,0,0,42,34
NY CITY CENTRAL PARK,2016-12-15,10.96,0,0,0,34,19
NY CITY CENTRAL PARK,2016-12-16,6.04,0,0,0,27,17
NY CITY CENTRAL PARK,2016-12-17,4.25,0.73,2.8,2,39,24
NY CITY CENTRAL PARK,2016-12-18,7.38,0.04,0,1.2,58,31
NY CITY CENTRAL PARK,2016-12-19,6.71,0,0,0,31,23
NY CITY CENTRAL PARK,2016-12-20,3.13,0,0,0,33,20
NY CITY CENTRAL PARK,2016-12-21,2.91,0,0,0,40,30
NY CITY CENTRAL PARK,2016-12-22,6.26,0,0,0,49,37
NY CITY CENTRAL PARK,2016-12-23,6.49,0,0,0,47,38
NY CITY CENTRAL PARK,2016-12-24,4.92,0.47,0,0,47,38
NY CITY CENTRAL PARK,2016-12-25,6.26,0,0,0,50,36
NY CITY CENTRAL PARK,2016-12-26,6.49,0.02,0,0,50,33
NY CITY CENTRAL PARK,2016-12-27,7.16,0,0,0,60,40
NY CITY CENTRAL PARK,2016-12-28,5.14,0,0,0,40,34
NY CITY CENTRAL PARK,2016-12-29,5.37,0.39,0,0,46,33
NY CITY CENTRAL PARK,2016-12-30,9.4,0.01,0,0,40,33
NY CITY CENTRAL PARK,2016-12-31,6.93,0,0,0,44,31
